Race,Season,Driver,Team,LapNumber,LapTime_s,Sector1_s,Sector2_s,Sector3_s,Compound,TyreLife,SpeedI1,SpeedI2,SpeedFL,SpeedST,ThrottleStd,LapConsistency_5
Azerbaijan,2023,ALB,Williams,2.0,109.728,39.708,44.518,25.502,MEDIUM,2.0,180.0,199.0,323.0,322.0,44.978,
Azerbaijan,2023,ALB,Williams,3.0,108.815,38.989,44.312,25.514,MEDIUM,3.0,183.0,203.0,327.0,323.0,44.697,
Azerbaijan,2023,ALB,Williams,4.0,109.004,38.971,44.488,25.545,MEDIUM,4.0,195.0,196.0,324.0,321.0,44.528,0.4819
Azerbaijan,2023,ALB,Williams,5.0,108.689,38.918,44.22,25.551,MEDIUM,5.0,184.0,200.0,327.0,321.0,44.797,0.4644
Azerbaijan,2023,ALB,Williams,6.0,108.53,38.73,44.221,25.579,MEDIUM,6.0,178.0,208.0,326.0,322.0,44.72,0.4666
Azerbaijan,2023,ALB,Williams,9.0,107.968,38.545,43.782,25.641,HARD,2.0,189.0,201.0,327.0,320.0,44.194,0.3942
Azerbaijan,2023,ALB,Williams,14.0,112.578,41.797,45.52,25.261,HARD,7.0,165.0,193.0,332.0,326.0,45.391,1.8411
Azerbaijan,2023,ALB,Williams,15.0,108.928,39.36,44.206,25.362,HARD,8.0,179.0,195.0,327.0,325.0,45.077,1.845
Azerbaijan,2023,ALB,Williams,16.0,108.111,38.585,44.348,25.178,HARD,9.0,184.0,202.0,348.0,325.0,44.737,1.9128
Azerbaijan,2023,ALB,Williams,17.0,107.727,38.504,44.088,25.135,HARD,10.0,173.0,203.0,347.0,325.0,44.759,2.0164
Azerbaijan,2023,ALB,Williams,18.0,107.982,38.549,44.18,25.253,HARD,11.0,187.0,192.0,335.0,325.0,45.015,2.0145
Azerbaijan,2023,ALB,Williams,19.0,107.776,38.388,44.061,25.327,HARD,12.0,180.0,197.0,331.0,325.0,44.728,0.4857
Azerbaijan,2023,ALB,Williams,20.0,107.693,38.336,43.997,25.36,HARD,13.0,194.0,207.0,333.0,326.0,44.061,0.1806
Azerbaijan,2023,ALB,Williams,21.0,108.151,38.499,44.269,25.383,HARD,14.0,185.0,195.0,330.0,325.0,44.795,0.195
Azerbaijan,2023,ALB,Williams,22.0,107.986,38.521,44.08,25.385,HARD,15.0,183.0,204.0,328.0,325.0,44.894,0.1829
Azerbaijan,2023,ALB,Williams,23.0,107.949,38.562,44.079,25.308,HARD,16.0,184.0,194.0,332.0,326.0,44.453,0.1806
Azerbaijan,2023,ALB,Williams,24.0,108.076,38.437,44.234,25.405,HARD,17.0,188.0,194.0,332.0,324.0,44.802,0.1742
Azerbaijan,2023,ALB,Williams,25.0,108.114,38.642,44.099,25.373,HARD,18.0,193.0,197.0,332.0,325.0,44.867,0.0853
Azerbaijan,2023,ALB,Williams,26.0,107.911,38.416,44.135,25.36,HARD,19.0,187.0,196.0,332.0,325.0,44.932,0.0855
Azerbaijan,2023,ALB,Williams,27.0,107.77,38.402,44.005,25.363,HARD,20.0,191.0,200.0,329.0,325.0,44.945,0.1376
Azerbaijan,2023,ALB,Williams,28.0,108.057,38.562,44.14,25.355,HARD,21.0,185.0,201.0,327.0,324.0,44.643,0.143
Azerbaijan,2023,ALB,Williams,29.0,107.858,38.608,43.904,25.346,HARD,22.0,192.0,200.0,326.0,325.0,44.719,0.1418
Azerbaijan,2023,ALB,Williams,30.0,107.38,38.328,43.864,25.188,HARD,23.0,182.0,203.0,344.0,326.0,44.841,0.2544
Azerbaijan,2023,ALB,Williams,31.0,107.37,38.37,43.692,25.308,HARD,24.0,190.0,198.0,320.0,326.0,44.824,0.3032
Azerbaijan,2023,ALB,Williams,32.0,107.64,38.553,43.728,25.359,HARD,25.0,194.0,203.0,329.0,324.0,44.226,0.2999
Azerbaijan,2023,ALB,Williams,33.0,107.284,38.262,43.731,25.291,HARD,26.0,186.0,209.0,330.0,324.0,44.689,0.2374
Azerbaijan,2023,ALB,Williams,34.0,107.486,38.339,43.918,25.229,HARD,27.0,182.0,206.0,328.0,324.0,44.49,0.1366
Azerbaijan,2023,ALB,Williams,35.0,107.277,38.342,43.652,25.283,HARD,28.0,190.0,203.0,331.0,325.0,44.056,0.1532
Azerbaijan,2023,ALB,Williams,36.0,107.763,38.624,43.828,25.311,HARD,29.0,192.0,201.0,329.0,323.0,45.14,0.215
Azerbaijan,2023,ALB,Williams,37.0,107.27,38.135,43.74,25.395,HARD,30.0,187.0,208.0,327.0,322.0,43.684,0.2141
Azerbaijan,2023,ALB,Williams,38.0,107.155,38.012,43.709,25.434,HARD,31.0,199.0,205.0,329.0,321.0,44.791,0.2402
Azerbaijan,2023,ALB,Williams,39.0,106.972,38.188,43.426,25.358,HARD,32.0,195.0,203.0,328.0,323.0,44.586,0.2931
Azerbaijan,2023,ALB,Williams,40.0,107.049,37.994,43.691,25.364,HARD,33.0,197.0,201.0,327.0,323.0,44.445,0.3122
Azerbaijan,2023,ALB,Williams,41.0,106.853,37.989,43.582,25.282,HARD,34.0,202.0,201.0,328.0,323.0,44.651,0.1611
Azerbaijan,2023,ALB,Williams,42.0,106.845,38.017,43.53,25.298,HARD,35.0,199.0,205.0,327.0,323.0,44.63,0.132
Azerbaijan,2023,ALB,Williams,43.0,106.607,37.882,43.433,25.292,HARD,36.0,193.0,204.0,328.0,324.0,44.959,0.1676
Azerbaijan,2023,ALB,Williams,44.0,106.833,38.082,43.456,25.295,HARD,37.0,196.0,194.0,328.0,324.0,44.453,0.1567
Azerbaijan,2023,ALB,Williams,45.0,106.859,37.986,43.603,25.27,HARD,38.0,193.0,208.0,328.0,324.0,44.599,0.108
Azerbaijan,2023,ALB,Williams,46.0,106.614,37.911,43.522,25.181,HARD,39.0,188.0,205.0,332.0,327.0,44.183,0.1292
Azerbaijan,2023,ALB,Williams,47.0,106.621,37.959,43.668,24.994,HARD,40.0,197.0,203.0,347.0,328.0,44.886,0.1275
Azerbaijan,2023,ALB,Williams,48.0,108.271,39.041,44.206,25.024,HARD,41.0,176.0,196.0,343.0,335.0,44.216,0.6979
Azerbaijan,2023,ALB,Williams,49.0,106.343,37.779,43.292,25.272,HARD,42.0,200.0,202.0,329.0,323.0,44.679,0.7653
Azerbaijan,2023,ALB,Williams,50.0,106.29,37.772,43.301,25.217,HARD,43.0,195.0,202.0,330.0,325.0,44.79,0.8209
Azerbaijan,2023,ALB,Williams,51.0,105.925,37.549,43.149,25.227,HARD,44.0,202.0,204.0,329.0,325.0,44.314,0.9179
Azerbaijan,2023,ALO,Aston Martin,2.0,108.064,38.837,43.841,25.386,MEDIUM,2.0,187.0,202.0,322.0,323.0,43.313,
Azerbaijan,2023,ALO,Aston Martin,3.0,107.782,38.471,43.847,25.464,MEDIUM,3.0,197.0,202.0,333.0,322.0,43.435,
Azerbaijan,2023,ALO,Aston Martin,4.0,107.912,38.499,44.046,25.367,MEDIUM,4.0,191.0,206.0,334.0,321.0,43.226,0.1411
Azerbaijan,2023,ALO,Aston Martin,5.0,107.899,38.434,44.003,25.462,MEDIUM,5.0,188.0,204.0,332.0,322.0,43.135,0.1157
Azerbaijan,2023,ALO,Aston Martin,6.0,108.367,38.499,44.369,25.499,MEDIUM,6.0,193.0,203.0,332.0,320.0,43.267,0.2259
Azerbaijan,2023,ALO,Aston Martin,7.0,107.955,38.502,43.959,25.494,MEDIUM,7.0,199.0,211.0,325.0,320.0,42.149,0.224
Azerbaijan,2023,ALO,Aston Martin,8.0,107.062,38.235,43.475,25.352,MEDIUM,8.0,206.0,209.0,340.0,322.0,42.216,0.4756
Azerbaijan,2023,ALO,Aston Martin,9.0,108.83,39.229,44.165,25.436,MEDIUM,9.0,192.0,210.0,336.0,324.0,42.796,0.6544
Azerbaijan,2023,ALO,Aston Martin,10.0,107.416,38.237,43.618,25.561,MEDIUM,10.0,206.0,206.0,325.0,320.0,42.817,0.7105
Azerbaijan,2023,ALO,Aston Martin,14.0,108.907,39.865,43.555,25.487,HARD,3.0,201.0,213.0,326.0,318.0,43.475,0.8259
Azerbaijan,2023,ALO,Aston Martin,15.0,106.929,38.233,43.387,25.309,HARD,4.0,196.0,213.0,325.0,322.0,42.097,0.966
Azerbaijan,2023,ALO,Aston Martin,16.0,106.404,37.893,43.084,25.427,HARD,5.0,204.0,218.0,329.0,321.0,42.326,1.1279
Azerbaijan,2023,ALO,Aston Martin,17.0,106.869,37.768,43.643,25.458,HARD,6.0,200.0,207.0,328.0,322.0,42.445,0.9646
Azerbaijan,2023,ALO,Aston Martin,18.0,107.199,38.018,43.807,25.374,HARD,7.0,206.0,209.0,325.0,322.0,43.229,0.9633
Azerbaijan,2023,ALO,Aston Martin,19.0,106.856,37.884,43.525,25.447,HARD,8.0,203.0,211.0,326.0,321.0,43.186,0.2861
Azerbaijan,2023,ALO,Aston Martin,20.0,107.025,38.017,43.552,25.456,HARD,9.0,211.0,210.0,326.0,322.0,42.699,0.2956
Azerbaijan,2023,ALO,Aston Martin,21.0,106.86,38.007,43.436,25.417,HARD,10.0,202.0,211.0,326.0,322.0,42.659,0.1504
Azerbaijan,2023,ALO,Aston Martin,22.0,106.229,37.696,43.15,25.383,HARD,11.0,205.0,216.0,324.0,322.0,42.452,0.3664
Azerbaijan,2023,ALO,Aston Martin,23.0,106.646,37.771,43.42,25.455,HARD,12.0,204.0,217.0,327.0,321.0,42.876,0.3073
Azerbaijan,2023,ALO,Aston Martin,24.0,106.162,37.553,43.259,25.35,HARD,13.0,207.0,219.0,327.0,322.0,42.642,0.3803
Azerbaijan,2023,ALO,Aston Martin,25.0,106.62,37.782,43.454,25.384,HARD,14.0,205.0,220.0,326.0,322.0,42.751,0.297
Azerbaijan,2023,ALO,Aston Martin,26.0,106.381,37.828,43.136,25.417,HARD,15.0,206.0,215.0,325.0,321.0,42.555,0.2207
Azerbaijan,2023,ALO,Aston Martin,27.0,106.064,37.533,43.084,25.447,HARD,16.0,213.0,211.0,326.0,321.0,42.559,0.2625
Azerbaijan,2023,ALO,Aston Martin,28.0,106.091,37.494,43.207,25.39,HARD,17.0,214.0,214.0,326.0,321.0,42.46,0.2349
Azerbaijan,2023,ALO,Aston Martin,29.0,105.847,37.396,43.038,25.413,HARD,18.0,208.0,214.0,325.0,322.0,42.543,0.3017
Azerbaijan,2023,ALO,Aston Martin,30.0,105.691,37.445,42.884,25.362,HARD,19.0,211.0,212.0,326.0,322.0,42.635,0.2624
Azerbaijan,2023,ALO,Aston Martin,31.0,105.781,37.462,43.003,25.316,HARD,20.0,208.0,220.0,328.0,323.0,42.721,0.176
Azerbaijan,2023,ALO,Aston Martin,32.0,106.194,37.45,43.342,25.402,HARD,21.0,203.0,214.0,324.0,321.0,42.542,0.213
Azerbaijan,2023,ALO,Aston Martin,33.0,106.35,37.622,43.258,25.47,HARD,22.0,209.0,222.0,326.0,321.0,41.786,0.2843
Azerbaijan,2023,ALO,Aston Martin,34.0,106.152,37.624,43.17,25.358,HARD,23.0,206.0,219.0,325.0,321.0,42.609,0.2833
Azerbaijan,2023,ALO,Aston Martin,35.0,105.816,37.438,43.047,25.331,HARD,24.0,207.0,217.0,327.0,321.0,42.771,0.2489
Azerbaijan,2023,ALO,Aston Martin,36.0,106.079,37.584,43.199,25.296,HARD,25.0,207.0,220.0,326.0,322.0,42.74,0.1959
Azerbaijan,2023,ALO,Aston Martin,37.0,105.344,37.171,42.885,25.288,HARD,26.0,213.0,218.0,328.0,322.0,41.927,0.3881
Azerbaijan,2023,ALO,Aston Martin,38.0,105.955,36.991,42.711,26.253,HARD,27.0,223.0,231.0,328.0,321.0,43.096,0.3202
Azerbaijan,2023,ALO,Aston Martin,39.0,105.642,37.417,42.791,25.434,HARD,28.0,207.0,229.0,325.0,322.0,42.288,0.2871
Azerbaijan,2023,ALO,Aston Martin,40.0,105.372,37.232,42.791,25.349,HARD,29.0,215.0,221.0,325.0,321.0,42.846,0.3332
Azerbaijan,2023,ALO,Aston Martin,41.0,104.998,37.097,42.642,25.259,HARD,30.0,213.0,215.0,326.0,322.0,41.91,0.358
Azerbaijan,2023,ALO,Aston Martin,42.0,104.933,37.002,42.653,25.278,HARD,31.0,214.0,223.0,327.0,322.0,41.398,0.4316
Azerbaijan,2023,ALO,Aston Martin,43.0,104.673,36.804,42.61,25.259,HARD,32.0,216.0,220.0,326.0,322.0,41.966,0.3826
Azerbaijan,2023,ALO,Aston Martin,44.0,104.782,36.938,42.584,25.26,HARD,33.0,212.0,225.0,326.0,323.0,42.645,0.2672
Azerbaijan,2023,ALO,Aston Martin,45.0,104.967,37.003,42.568,25.396,HARD,34.0,219.0,226.0,327.0,323.0,42.207,0.1381
Azerbaijan,2023,ALO,Aston Martin,46.0,104.803,36.967,42.625,25.211,HARD,35.0,214.0,219.0,326.0,323.0,42.474,0.1194
Azerbaijan,2023,ALO,Aston Martin,47.0,104.879,36.947,42.726,25.206,HARD,36.0,213.0,212.0,327.0,323.0,42.024,0.11
Azerbaijan,2023,ALO,Aston Martin,48.0,104.541,36.872,42.521,25.148,HARD,37.0,222.0,211.0,328.0,323.0,42.468,0.1592
Azerbaijan,2023,ALO,Aston Martin,49.0,104.241,36.817,42.359,25.065,HARD,38.0,222.0,224.0,329.0,324.0,41.886,0.2954
Azerbaijan,2023,ALO,Aston Martin,50.0,104.439,36.831,42.472,25.136,HARD,39.0,216.0,221.0,330.0,325.0,42.085,0.2624
Azerbaijan,2023,ALO,Aston Martin,51.0,104.273,36.951,42.393,24.929,HARD,40.0,220.0,217.0,341.0,326.0,41.83,0.2571
Azerbaijan,2023,BOT,Alfa Romeo,2.0,110.064,39.253,45.243,25.568,MEDIUM,2.0,190.0,196.0,327.0,321.0,44.165,
Azerbaijan,2023,BOT,Alfa Romeo,3.0,109.439,38.945,45.014,25.48,MEDIUM,3.0,194.0,197.0,345.0,321.0,43.94,
Azerbaijan,2023,BOT,Alfa Romeo,4.0,108.992,38.855,44.619,25.518,MEDIUM,4.0,200.0,199.0,335.0,320.0,42.907,0.5385
Azerbaijan,2023,BOT,Alfa Romeo,5.0,109.019,38.844,44.679,25.496,MEDIUM,5.0,196.0,203.0,334.0,319.0,43.436,0.5007
Azerbaijan,2023,BOT,Alfa Romeo,8.0,108.297,38.72,43.826,25.751,HARD,2.0,205.0,211.0,314.0,315.0,43.243,0.6496
Azerbaijan,2023,BOT,Alfa Romeo,9.0,109.739,39.784,44.34,25.615,HARD,3.0,197.0,200.0,330.0,318.0,43.435,0.5446
Azerbaijan,2023,BOT,Alfa Romeo,14.0,113.128,41.147,46.484,25.497,HARD,2.0,176.0,197.0,329.0,322.0,44.416,1.9102
Azerbaijan,2023,BOT,Alfa Romeo,15.0,109.679,39.296,44.776,25.607,HARD,3.0,194.0,198.0,316.0,322.0,43.879,1.8584
Azerbaijan,2023,BOT,Alfa Romeo,16.0,108.513,38.682,44.495,25.336,HARD,4.0,191.0,206.0,338.0,321.0,43.482,1.9355
Azerbaijan,2023,BOT,Alfa Romeo,17.0,108.769,38.802,44.53,25.437,HARD,5.0,199.0,202.0,335.0,321.0,43.48,1.8491
Azerbaijan,2023,BOT,Alfa Romeo,18.0,108.46,38.558,44.279,25.623,HARD,6.0,195.0,207.0,320.0,320.0,43.735,1.9726
Azerbaijan,2023,BOT,Alfa Romeo,19.0,108.853,39.083,44.046,25.724,HARD,7.0,196.0,197.0,316.0,319.0,43.809,0.4897
Azerbaijan,2023,BOT,Alfa Romeo,20.0,108.28,38.426,44.222,25.632,HARD,8.0,205.0,196.0,320.0,320.0,43.566,0.234
Azerbaijan,2023,BOT,Alfa Romeo,21.0,108.319,38.578,44.104,25.637,HARD,9.0,204.0,203.0,316.0,320.0,42.454,0.2613
Azerbaijan,2023,BOT,Alfa Romeo,22.0,108.316,38.619,44.171,25.526,HARD,10.0,198.0,210.0,318.0,321.0,43.376,0.2379
Azerbaijan,2023,BOT,Alfa Romeo,23.0,108.097,38.574,43.974,25.549,HARD,11.0,203.0,200.0,324.0,321.0,43.264,0.2835
Azerbaijan,2023,BOT,Alfa Romeo,24.0,108.32,38.559,44.223,25.538,HARD,12.0,201.0,206.0,319.0,321.0,43.44,0.0962
Azerbaijan,2023,BOT,Alfa Romeo,25.0,108.039,38.442,44.126,25.471,HARD,13.0,199.0,201.0,321.0,321.0,43.551,0.1386
Azerbaijan,2023,BOT,Alfa Romeo,26.0,108.552,38.661,44.225,25.666,HARD,14.0,199.0,200.0,316.0,319.0,43.514,0.2045
Azerbaijan,2023,BOT,Alfa Romeo,27.0,108.333,38.683,44.042,25.608,HARD,15.0,198.0,209.0,317.0,319.0,43.528,0.2057
Azerbaijan,2023,BOT,Alfa Romeo,28.0,109.576,39.794,44.05,25.732,HARD,16.0,203.0,213.0,316.0,318.0,43.367,0.5943
Azerbaijan,2023,BOT,Alfa Romeo,29.0,108.065,38.513,43.883,25.669,HARD,17.0,201.0,210.0,317.0,317.0,43.392,0.6303
Azerbaijan,2023,BOT,Alfa Romeo,30.0,107.849,38.307,43.943,25.599,HARD,18.0,200.0,213.0,314.0,318.0,43.201,0.6705
Azerbaijan,2023,BOT,Alfa Romeo,31.0,107.971,38.369,43.969,25.633,HARD,19.0,213.0,204.0,321.0,318.0,42.728,0.7034
Azerbaijan,2023,BOT,Alfa Romeo,32.0,108.046,38.739,43.63,25.677,HARD,20.0,203.0,211.0,310.0,318.0,43.148,0.7176
Azerbaijan,2023,BOT,Alfa Romeo,33.0,109.361,39.403,44.312,25.646,HARD,21.0,194.0,205.0,310.0,319.0,43.298,0.6222
Azerbaijan,2023,BOT,Alfa Romeo,36.0,106.304,37.729,42.942,25.633,MEDIUM,2.0,209.0,218.0,313.0,314.0,42.99,1.0852
Azerbaijan,2023,BOT,Alfa Romeo,37.0,106.722,38.016,43.04,25.666,MEDIUM,3.0,205.0,215.0,311.0,314.0,42.238,1.2099
Azerbaijan,2023,BOT,Alfa Romeo,38.0,106.823,37.974,43.172,25.677,MEDIUM,4.0,210.0,218.0,313.0,314.0,42.599,1.2494
Azerbaijan,2023,BOT,Alfa Romeo,39.0,107.213,38.01,43.457,25.746,MEDIUM,5.0,208.0,207.0,310.0,314.0,42.724,1.205
Azerbaijan,2023,BOT,Alfa Romeo,40.0,106.841,37.882,43.218,25.741,MEDIUM,6.0,207.0,222.0,311.0,314.0,43.275,0.3252
Azerbaijan,2023,BOT,Alfa Romeo,41.0,107.199,37.954,43.394,25.851,MEDIUM,7.0,208.0,215.0,291.0,314.0,42.74,0.2295
Azerbaijan,2023,BOT,Alfa Romeo,42.0,108.026,38.83,43.594,25.602,MEDIUM,8.0,203.0,216.0,315.0,317.0,43.663,0.4877
Azerbaijan,2023,BOT,Alfa Romeo,43.0,108.059,38.853,43.575,25.631,MEDIUM,9.0,195.0,207.0,313.0,318.0,43.905,0.5457
Azerbaijan,2023,BOT,Alfa Romeo,44.0,106.864,38.099,43.264,25.501,MEDIUM,10.0,211.0,212.0,317.0,316.0,43.002,0.6055
Azerbaijan,2023,BOT,Alfa Romeo,45.0,106.699,37.984,43.144,25.571,MEDIUM,11.0,212.0,215.0,311.0,316.0,42.35,0.6404
Azerbaijan,2023,BOT,Alfa Romeo,46.0,106.599,37.745,43.239,25.615,MEDIUM,12.0,211.0,217.0,318.0,315.0,42.601,0.7302
Azerbaijan,2023,BOT,Alfa Romeo,47.0,106.688,37.759,43.293,25.636,MEDIUM,13.0,208.0,212.0,315.0,315.0,42.808,0.6097
Azerbaijan,2023,BOT,Alfa Romeo,48.0,106.754,37.958,43.295,25.501,MEDIUM,14.0,210.0,219.0,316.0,315.0,43.223,0.0975
Azerbaijan,2023,BOT,Alfa Romeo,49.0,106.649,37.73,43.298,25.621,MEDIUM,15.0,212.0,215.0,315.0,315.0,42.739,0.0579
Azerbaijan,2023,BOT,Alfa Romeo,50.0,106.652,37.962,43.207,25.483,MEDIUM,16.0,208.0,215.0,320.0,316.0,42.705,0.0574
Azerbaijan,2023,DEV,AlphaTauri,2.0,110.431,39.556,45.234,25.641,HARD,2.0,179.0,188.0,316.0,322.0,44.261,
Azerbaijan,2023,DEV,AlphaTauri,3.0,109.365,38.97,44.921,25.474,HARD,3.0,187.0,203.0,335.0,322.0,43.676,
Azerbaijan,2023,DEV,AlphaTauri,4.0,108.781,38.654,44.695,25.432,HARD,4.0,189.0,199.0,338.0,323.0,43.07,0.8367
Azerbaijan,2023,DEV,AlphaTauri,5.0,108.948,38.777,44.764,25.407,HARD,5.0,187.0,199.0,338.0,322.0,43.982,0.7417
Azerbaijan,2023,DEV,AlphaTauri,6.0,109.337,38.849,45.002,25.486,HARD,6.0,192.0,201.0,336.0,322.0,44.001,0.6426
Azerbaijan,2023,DEV,AlphaTauri,7.0,109.118,38.832,44.889,25.397,HARD,7.0,180.0,200.0,333.0,324.0,43.95,0.2506
Azerbaijan,2023,DEV,AlphaTauri,8.0,109.353,39.027,44.823,25.503,HARD,8.0,181.0,194.0,333.0,321.0,44.001,0.2475
Azerbaijan,2023,DEV,AlphaTauri,9.0,109.253,38.998,44.579,25.676,HARD,9.0,191.0,205.0,333.0,322.0,43.698,0.1697
Azerbaijan,2023,GAS,Alpine,2.0,109.99,39.704,44.825,25.461,MEDIUM,2.0,186.0,207.0,322.0,325.0,44.653,
Azerbaijan,2023,GAS,Alpine,3.0,109.075,39.287,44.475,25.313,MEDIUM,3.0,185.0,207.0,339.0,325.0,43.792,
Azerbaijan,2023,GAS,Alpine,4.0,108.873,38.914,44.687,25.272,MEDIUM,4.0,193.0,200.0,338.0,324.0,43.982,0.5952
Azerbaijan,2023,GAS,Alpine,7.0,107.722,38.571,43.532,25.619,HARD,2.0,199.0,213.0,316.0,319.0,42.969,0.9321
Azerbaijan,2023,GAS,Alpine,8.0,109.057,39.192,44.574,25.291,HARD,3.0,186.0,205.0,333.0,323.0,43.301,0.8097
Azerbaijan,2023,GAS,Alpine,9.0,107.851,38.739,43.933,25.179,HARD,4.0,196.0,210.0,345.0,325.0,43.638,0.6718
Azerbaijan,2023,GAS,Alpine,14.0,112.872,41.783,45.757,25.332,HARD,9.0,180.0,201.0,323.0,325.0,44.857,2.0969
Azerbaijan,2023,GAS,Alpine,15.0,108.951,39.16,44.446,25.345,HARD,10.0,194.0,208.0,321.0,325.0,44.228,2.0934
Azerbaijan,2023,GAS,Alpine,16.0,108.072,38.486,44.475,25.111,HARD,11.0,184.0,210.0,339.0,325.0,44.088,2.0328
Azerbaijan,2023,GAS,Alpine,17.0,107.915,38.513,44.237,25.165,HARD,12.0,188.0,207.0,337.0,325.0,43.999,2.1369
Azerbaijan,2023,GAS,Alpine,18.0,107.57,38.327,44.164,25.079,HARD,13.0,196.0,208.0,346.0,326.0,43.592,2.1823
Azerbaijan,2023,GAS,Alpine,19.0,108.031,38.723,44.102,25.206,HARD,14.0,192.0,209.0,335.0,326.0,43.471,0.511
Azerbaijan,2023,GAS,Alpine,20.0,107.796,38.422,44.138,25.236,HARD,15.0,199.0,208.0,335.0,326.0,43.269,0.2025
Azerbaijan,2023,GAS,Alpine,21.0,107.873,38.298,44.319,25.256,HARD,16.0,193.0,205.0,335.0,326.0,43.579,0.1717
Azerbaijan,2023,GAS,Alpine,22.0,108.054,38.571,44.254,25.229,HARD,17.0,193.0,211.0,335.0,327.0,43.926,0.1969
Azerbaijan,2023,GAS,Alpine,25.0,106.561,37.869,43.231,25.461,HARD,2.0,203.0,209.0,313.0,319.0,43.29,0.6254
Azerbaijan,2023,GAS,Alpine,26.0,106.173,37.624,43.152,25.397,HARD,3.0,200.0,214.0,316.0,320.0,43.264,0.86
Azerbaijan,2023,GAS,Alpine,27.0,106.462,37.617,43.42,25.425,HARD,4.0,200.0,212.0,317.0,319.0,42.476,0.8712
Azerbaijan,2023,GAS,Alpine,28.0,106.43,37.694,43.384,25.352,HARD,5.0,204.0,214.0,317.0,321.0,41.981,0.7506
Azerbaijan,2023,GAS,Alpine,29.0,106.547,37.884,43.313,25.35,HARD,6.0,202.0,212.0,318.0,321.0,42.678,0.1564
Azerbaijan,2023,GAS,Alpine,30.0,106.601,38.049,43.28,25.272,HARD,7.0,196.0,216.0,320.0,323.0,43.288,0.1652
Azerbaijan,2023,GAS,Alpine,31.0,106.646,38.026,43.511,25.109,HARD,8.0,194.0,213.0,344.0,325.0,42.741,0.091
Azerbaijan,2023,GAS,Alpine,32.0,107.951,39.178,43.684,25.089,HARD,9.0,198.0,215.0,342.0,325.0,44.066,0.6291
Azerbaijan,2023,GAS,Alpine,33.0,106.903,38.122,43.415,25.366,HARD,10.0,204.0,216.0,315.0,322.0,43.151,0.5871
Azerbaijan,2023,GAS,Alpine,34.0,106.481,37.821,43.39,25.27,HARD,11.0,202.0,220.0,318.0,321.0,43.068,0.5985
Azerbaijan,2023,GAS,Alpine,35.0,106.639,37.846,43.517,25.276,HARD,12.0,203.0,214.0,318.0,322.0,42.978,0.5937
Azerbaijan,2023,GAS,Alpine,36.0,106.54,37.792,43.606,25.142,HARD,13.0,197.0,212.0,338.0,325.0,43.357,0.6078
Azerbaijan,2023,GAS,Alpine,37.0,106.491,37.82,43.577,25.094,HARD,14.0,202.0,213.0,341.0,323.0,43.343,0.1749
Azerbaijan,2023,GAS,Alpine,38.0,107.075,38.128,43.645,25.302,HARD,15.0,198.0,220.0,343.0,325.0,43.495,0.2483
Azerbaijan,2023,GAS,Alpine,39.0,107.215,38.352,43.766,25.097,HARD,16.0,201.0,205.0,343.0,325.0,43.965,0.3304
Azerbaijan,2023,GAS,Alpine,40.0,107.919,38.853,43.814,25.252,HARD,17.0,198.0,212.0,331.0,323.0,43.567,0.5821
Azerbaijan,2023,GAS,Alpine,41.0,107.206,38.098,43.992,25.116,HARD,18.0,201.0,212.0,331.0,324.0,43.111,0.5084
Azerbaijan,2023,GAS,Alpine,42.0,107.076,37.984,43.72,25.372,HARD,19.0,203.0,216.0,343.0,323.0,43.723,0.3536
Azerbaijan,2023,GAS,Alpine,43.0,106.863,38.207,43.136,25.52,HARD,20.0,208.0,221.0,315.0,320.0,42.802,0.3971
Azerbaijan,2023,GAS,Alpine,44.0,106.048,37.573,43.102,25.373,HARD,21.0,210.0,215.0,316.0,320.0,42.899,0.6737
Azerbaijan,2023,GAS,Alpine,45.0,105.915,37.453,43.084,25.378,HARD,22.0,210.0,217.0,317.0,320.0,42.632,0.5989
Azerbaijan,2023,GAS,Alpine,46.0,105.776,37.527,42.925,25.324,HARD,23.0,210.0,217.0,320.0,320.0,42.602,0.5914
Azerbaijan,2023,GAS,Alpine,47.0,105.54,37.395,42.91,25.235,HARD,24.0,213.0,221.0,320.0,321.0,43.315,0.503
Azerbaijan,2023,GAS,Alpine,48.0,105.556,37.424,42.921,25.211,HARD,25.0,203.0,221.0,321.0,322.0,43.329,0.2219
Azerbaijan,2023,GAS,Alpine,49.0,105.582,37.439,43.069,25.074,HARD,26.0,204.0,209.0,333.0,326.0,42.974,0.1649
Azerbaijan,2023,GAS,Alpine,50.0,105.599,37.498,42.948,25.153,HARD,27.0,206.0,215.0,322.0,324.0,43.318,0.0952
Azerbaijan,2023,GAS,Alpine,51.0,105.899,37.469,43.322,25.108,HARD,28.0,217.0,217.0,321.0,325.0,43.18,0.1492
Azerbaijan,2023,HAM,Mercedes,2.0,108.165,38.632,43.752,25.781,MEDIUM,2.0,181.0,205.0,320.0,317.0,43.145,
Azerbaijan,2023,HAM,Mercedes,3.0,107.602,38.197,43.76,25.645,MEDIUM,3.0,191.0,206.0,338.0,319.0,42.609,
Azerbaijan,2023,HAM,Mercedes,4.0,107.76,38.228,43.985,25.547,MEDIUM,4.0,196.0,206.0,339.0,318.0,43.553,0.2904
Azerbaijan,2023,HAM,Mercedes,5.0,107.791,38.273,44.095,25.423,MEDIUM,5.0,194.0,205.0,339.0,319.0,43.902,0.2385
Azerbaijan,2023,HAM,Mercedes,6.0,107.916,38.45,43.865,25.601,MEDIUM,6.0,192.0,209.0,337.0,319.0,43.352,0.2101
Azerbaijan,2023,HAM,Mercedes,7.0,107.816,38.36,43.769,25.687,MEDIUM,7.0,192.0,210.0,324.0,318.0,43.049,0.114
Azerbaijan,2023,HAM,Mercedes,8.0,107.929,38.502,43.647,25.78,MEDIUM,8.0,198.0,213.0,323.0,318.0,42.543,0.0759
Azerbaijan,2023,HAM,Mercedes,14.0,109.877,40.368,44.316,25.193,HARD,5.0,190.0,206.0,337.0,326.0,43.819,0.9027
Azerbaijan,2023,HAM,Mercedes,15.0,107.259,38.419,43.547,25.293,HARD,6.0,194.0,207.0,328.0,323.0,42.835,0.9989
Azerbaijan,2023,HAM,Mercedes,16.0,106.709,38.134,43.463,25.112,HARD,7.0,196.0,218.0,343.0,325.0,43.23,1.1983
Azerbaijan,2023,HAM,Mercedes,17.0,107.383,38.365,43.788,25.23,HARD,8.0,195.0,206.0,340.0,323.0,43.834,1.223
Azerbaijan,2023,HAM,Mercedes,18.0,107.204,38.311,43.556,25.337,HARD,9.0,195.0,209.0,325.0,324.0,43.865,1.2511
Azerbaijan,2023,HAM,Mercedes,19.0,106.747,38.199,43.463,25.085,HARD,10.0,196.0,211.0,338.0,334.0,43.294,0.3106
Azerbaijan,2023,HAM,Mercedes,20.0,106.734,37.842,43.482,25.41,HARD,11.0,193.0,209.0,328.0,323.0,42.878,0.3154
Azerbaijan,2023,HAM,Mercedes,21.0,106.809,37.928,43.555,25.326,HARD,12.0,195.0,210.0,326.0,323.0,43.613,0.2985
Azerbaijan,2023,HAM,Mercedes,22.0,106.8,38.06,43.389,25.351,HARD,13.0,198.0,207.0,327.0,322.0,43.306,0.1957
Azerbaijan,2023,HAM,Mercedes,23.0,106.678,38.154,43.357,25.167,HARD,14.0,197.0,210.0,340.0,323.0,42.327,0.0533
Azerbaijan,2023,HAM,Mercedes,24.0,106.628,37.785,43.554,25.289,HARD,15.0,197.0,211.0,339.0,323.0,43.38,0.0779
Azerbaijan,2023,HAM,Mercedes,25.0,107.177,38.092,43.769,25.316,HARD,16.0,207.0,208.0,327.0,323.0,43.287,0.215
Azerbaijan,2023,HAM,Mercedes,26.0,108.001,38.616,43.918,25.467,HARD,17.0,198.0,207.0,324.0,321.0,43.658,0.5699
Azerbaijan,2023,HAM,Mercedes,27.0,106.728,38.016,43.292,25.42,HARD,18.0,205.0,208.0,325.0,321.0,42.71,0.5789
Azerbaijan,2023,HAM,Mercedes,28.0,106.904,37.992,43.474,25.438,HARD,19.0,193.0,220.0,324.0,319.0,43.1,0.5515
Azerbaijan,2023,HAM,Mercedes,29.0,106.611,37.785,43.393,25.433,HARD,20.0,208.0,213.0,323.0,320.0,42.296,0.5551
Azerbaijan,2023,HAM,Mercedes,30.0,106.689,37.877,43.378,25.434,HARD,21.0,198.0,208.0,323.0,319.0,43.837,0.5771
Azerbaijan,2023,HAM,Mercedes,31.0,106.558,37.821,43.411,25.326,HARD,22.0,201.0,211.0,324.0,321.0,42.796,0.1328
Azerbaijan,2023,HAM,Mercedes,32.0,106.583,37.8,43.363,25.42,HARD,23.0,194.0,211.0,324.0,318.0,43.114,0.1403
Azerbaijan,2023,HAM,Mercedes,33.0,106.218,37.76,43.112,25.346,HARD,24.0,202.0,213.0,325.0,320.0,42.948,0.1822
Azerbaijan,2023,HAM,Mercedes,34.0,106.27,37.678,43.244,25.348,HARD,25.0,198.0,217.0,325.0,320.0,42.994,0.2072
Azerbaijan,2023,HAM,Mercedes,35.0,105.834,37.629,43.076,25.129,HARD,26.0,202.0,218.0,339.0,321.0,43.415,0.3046
Azerbaijan,2023,HAM,Mercedes,36.0,106.206,37.797,43.343,25.066,HARD,27.0,196.0,216.0,339.0,322.0,43.41,0.2662
Azerbaijan,2023,HAM,Mercedes,37.0,106.29,37.735,43.359,25.196,HARD,28.0,196.0,215.0,332.0,321.0,42.827,0.1875
Azerbaijan,2023,HAM,Mercedes,38.0,106.106,37.686,43.123,25.297,HARD,29.0,204.0,211.0,326.0,321.0,42.948,0.1861
Azerbaijan,2023,HAM,Mercedes,39.0,105.833,37.456,43.183,25.194,HARD,30.0,202.0,219.0,339.0,322.0,42.772,0.2114
Azerbaijan,2023,HAM,Mercedes,40.0,106.284,37.947,43.194,25.143,HARD,31.0,197.0,210.0,340.0,322.0,42.313,0.189
Azerbaijan,2023,HAM,Mercedes,41.0,106.731,37.926,43.592,25.213,HARD,32.0,200.0,213.0,332.0,323.0,42.436,0.3274
Azerbaijan,2023,HAM,Mercedes,42.0,106.206,37.789,43.227,25.19,HARD,33.0,200.0,219.0,335.0,322.0,42.542,0.3269
Azerbaijan,2023,HAM,Mercedes,43.0,105.714,37.459,43.125,25.13,HARD,34.0,200.0,213.0,336.0,321.0,43.49,0.4029
Azerbaijan,2023,HAM,Mercedes,44.0,105.54,37.377,43.007,25.156,HARD,35.0,200.0,218.0,339.0,322.0,42.507,0.4758
Azerbaijan,2023,HAM,Mercedes,45.0,105.571,37.379,43.106,25.086,HARD,36.0,204.0,217.0,337.0,321.0,43.091,0.5106
Azerbaijan,2023,HAM,Mercedes,46.0,105.951,37.581,43.131,25.239,HARD,37.0,206.0,221.0,324.0,321.0,42.544,0.2806
Azerbaijan,2023,HAM,Mercedes,47.0,105.583,37.324,42.966,25.293,HARD,38.0,203.0,220.0,321.0,320.0,42.379,0.1697
Azerbaijan,2023,HAM,Mercedes,48.0,105.346,37.24,42.81,25.296,HARD,39.0,205.0,222.0,318.0,320.0,42.496,0.2193
Azerbaijan,2023,HAM,Mercedes,49.0,105.439,37.378,42.837,25.224,HARD,40.0,201.0,215.0,325.0,321.0,42.355,0.2304
Azerbaijan,2023,HAM,Mercedes,50.0,105.385,37.189,42.998,25.198,HARD,41.0,202.0,222.0,325.0,322.0,41.972,0.2463
Azerbaijan,2023,HAM,Mercedes,51.0,105.42,37.116,43.229,25.075,HARD,42.0,210.0,217.0,337.0,322.0,42.381,0.0902
Azerbaijan,2023,HUL,Haas F1 Team,2.0,110.227,39.787,45.149,25.291,HARD,2.0,187.0,195.0,326.0,327.0,44.052,
Azerbaijan,2023,HUL,Haas F1 Team,3.0,110.097,39.435,44.987,25.675,HARD,3.0,181.0,203.0,341.0,325.0,44.373,
Azerbaijan,2023,HUL,Haas F1 Team,4.0,108.731,38.863,44.576,25.292,HARD,4.0,188.0,200.0,343.0,326.0,43.883,0.8287
Azerbaijan,2023,HUL,Haas F1 Team,5.0,109.331,38.902,45.007,25.422,HARD,5.0,184.0,193.0,341.0,323.0,44.183,0.6994
Azerbaijan,2023,HUL,Haas F1 Team,6.0,109.033,39.122,44.528,25.383,HARD,6.0,189.0,201.0,341.0,325.0,44.051,0.6561
Azerbaijan,2023,HUL,Haas F1 Team,7.0,108.557,38.88,44.373,25.304,HARD,7.0,197.0,207.0,339.0,325.0,43.618,0.6063
Azerbaijan,2023,HUL,Haas F1 Team,8.0,108.667,38.819,44.637,25.211,HARD,8.0,193.0,208.0,347.0,327.0,43.472,0.3152
Azerbaijan,2023,HUL,Haas F1 Team,9.0,109.303,39.242,44.737,25.324,HARD,9.0,182.0,200.0,345.0,325.0,43.845,0.3561
Azerbaijan,2023,HUL,Haas F1 Team,14.0,111.284,41.462,44.562,25.26,HARD,14.0,183.0,193.0,331.0,327.0,43.924,1.1109
Azerbaijan,2023,HUL,Haas F1 Team,15.0,108.266,39.125,43.844,25.297,HARD,15.0,191.0,196.0,330.0,327.0,44.09,1.2168
Azerbaijan,2023,HUL,Haas F1 Team,16.0,107.824,38.577,44.062,25.185,HARD,16.0,197.0,211.0,338.0,325.0,42.817,1.3525
Azerbaijan,2023,HUL,Haas F1 Team,17.0,107.529,38.556,43.781,25.192,HARD,17.0,194.0,207.0,342.0,325.0,43.42,1.5222
Azerbaijan,2023,HUL,Haas F1 Team,18.0,107.528,38.523,43.789,25.216,HARD,18.0,195.0,214.0,337.0,325.0,43.445,1.5929
Azerbaijan,2023,HUL,Haas F1 Team,19.0,107.721,38.465,43.984,25.272,HARD,19.0,197.0,202.0,336.0,326.0,43.662,0.3033
Azerbaijan,2023,HUL,Haas F1 Team,20.0,107.967,38.56,44.022,25.385,HARD,20.0,198.0,213.0,327.0,325.0,43.456,0.1904
Azerbaijan,2023,HUL,Haas F1 Team,21.0,107.639,38.353,43.91,25.376,HARD,21.0,198.0,208.0,327.0,325.0,43.293,0.1814
Azerbaijan,2023,HUL,Haas F1 Team,22.0,107.61,38.51,43.884,25.216,HARD,22.0,196.0,204.0,338.0,325.0,43.231,0.168
Azerbaijan,2023,HUL,Haas F1 Team,23.0,108.825,39.361,44.227,25.237,HARD,23.0,195.0,203.0,337.0,324.0,43.391,0.5076
Azerbaijan,2023,HUL,Haas F1 Team,24.0,108.101,38.645,44.255,25.201,HARD,24.0,194.0,201.0,336.0,325.0,43.443,0.4925
Azerbaijan,2023,HUL,Haas F1 Team,25.0,107.97,38.604,44.13,25.236,HARD,25.0,196.0,205.0,334.0,324.0,43.548,0.4924
Azerbaijan,2023,HUL,Haas F1 Team,26.0,107.677,38.431,43.977,25.269,HARD,26.0,206.0,205.0,337.0,324.0,43.467,0.4851
Azerbaijan,2023,HUL,Haas F1 Team,27.0,108.497,38.38,44.717,25.4,HARD,27.0,203.0,207.0,329.0,324.0,43.169,0.4511
Azerbaijan,2023,HUL,Haas F1 Team,28.0,107.706,38.328,43.901,25.477,HARD,28.0,201.0,206.0,318.0,323.0,43.079,0.3348
Azerbaijan,2023,HUL,Haas F1 Team,29.0,107.147,38.146,43.718,25.283,HARD,29.0,203.0,209.0,339.0,325.0,43.009,0.4912
Azerbaijan,2023,HUL,Haas F1 Team,30.0,107.678,38.436,43.88,25.362,HARD,30.0,196.0,205.0,322.0,324.0,43.411,0.4831
Azerbaijan,2023,HUL,Haas F1 Team,31.0,107.428,38.157,43.886,25.385,HARD,31.0,197.0,208.0,321.0,324.0,43.516,0.5038
Azerbaijan,2023,HUL,Haas F1 Team,32.0,107.208,38.147,43.675,25.386,HARD,32.0,204.0,209.0,321.0,323.0,42.72,0.2584
Azerbaijan,2023,HUL,Haas F1 Team,33.0,107.341,38.129,43.859,25.353,HARD,33.0,201.0,212.0,322.0,323.0,43.277,0.2089
Azerbaijan,2023,HUL,Haas F1 Team,34.0,106.731,37.877,43.61,25.244,HARD,34.0,207.0,208.0,329.0,324.0,42.728,0.3502
Azerbaijan,2023,HUL,Haas F1 Team,35.0,107.138,37.946,43.869,25.323,HARD,35.0,201.0,206.0,324.0,324.0,43.137,0.2697
Azerbaijan,2023,HUL,Haas F1 Team,36.0,107.163,38.255,43.665,25.243,HARD,36.0,207.0,216.0,326.0,324.0,42.908,0.2291
Azerbaijan,2023,HUL,Haas F1 Team,37.0,106.866,37.865,43.69,25.311,HARD,37.0,204.0,216.0,326.0,323.0,43.42,0.2454
Azerbaijan,2023,HUL,Haas F1 Team,38.0,106.848,37.908,43.542,25.398,HARD,38.0,203.0,210.0,323.0,323.0,42.856,0.1911
Azerbaijan,2023,HUL,Haas F1 Team,39.0,106.742,37.949,43.485,25.308,HARD,39.0,208.0,212.0,326.0,323.0,43.077,0.188
Azerbaijan,2023,HUL,Haas F1 Team,40.0,106.926,37.962,43.614,25.35,HARD,40.0,212.0,214.0,322.0,323.0,42.286,0.1567
Azerbaijan,2023,HUL,Haas F1 Team,41.0,106.945,38.036,43.584,25.325,HARD,41.0,211.0,208.0,324.0,323.0,42.652,0.0799
Azerbaijan,2023,HUL,Haas F1 Team,42.0,106.861,37.831,43.678,25.352,HARD,42.0,212.0,204.0,328.0,323.0,42.7,0.0799
Azerbaijan,2023,HUL,Haas F1 Team,43.0,107.155,37.911,43.817,25.427,HARD,43.0,213.0,209.0,328.0,323.0,43.183,0.1507
Azerbaijan,2023,HUL,Haas F1 Team,44.0,107.123,38.127,43.629,25.367,HARD,44.0,210.0,212.0,328.0,322.0,42.881,0.1294
Azerbaijan,2023,HUL,Haas F1 Team,45.0,109.701,37.916,46.293,25.492,HARD,45.0,215.0,199.0,328.0,324.0,43.408,1.2047
Azerbaijan,2023,HUL,Haas F1 Team,46.0,107.65,38.292,43.802,25.556,HARD,46.0,204.0,213.0,319.0,321.0,42.98,1.1555
Azerbaijan,2023,HUL,Haas F1 Team,47.0,108.374,38.629,44.368,25.377,HARD,47.0,195.0,203.0,320.0,323.0,43.186,1.0769
Azerbaijan,2023,HUL,Haas F1 Team,48.0,109.008,39.041,44.348,25.619,HARD,48.0,205.0,206.0,328.0,324.0,43.388,1.031
Azerbaijan,2023,LEC,Ferrari,2.0,107.656,38.192,43.852,25.612,MEDIUM,2.0,196.0,213.0,316.0,315.0,41.337,
Azerbaijan,2023,LEC,Ferrari,3.0,108.151,38.363,43.858,25.93,MEDIUM,3.0,208.0,212.0,308.0,315.0,41.829,
Azerbaijan,2023,LEC,Ferrari,4.0,107.966,38.658,43.613,25.695,MEDIUM,4.0,202.0,221.0,323.0,319.0,41.295,0.2501
Azerbaijan,2023,LEC,Ferrari,5.0,107.757,38.419,43.652,25.686,MEDIUM,5.0,201.0,214.0,312.0,317.0,41.842,0.2207
Azerbaijan,2023,LEC,Ferrari,6.0,108.067,39.129,43.601,25.337,MEDIUM,6.0,199.0,205.0,336.0,321.0,42.261,0.2082
Azerbaijan,2023,LEC,Ferrari,7.0,107.157,38.156,43.555,25.446,MEDIUM,7.0,205.0,220.0,319.0,322.0,41.665,0.3986
Azerbaijan,2023,LEC,Ferrari,8.0,107.707,38.298,43.756,25.653,MEDIUM,8.0,210.0,207.0,314.0,320.0,40.933,0.3531
Azerbaijan,2023,LEC,Ferrari,9.0,107.421,38.199,43.642,25.58,MEDIUM,9.0,206.0,209.0,323.0,318.0,41.67,0.3464
Azerbaijan,2023,LEC,Ferrari,10.0,107.034,38.041,43.431,25.562,MEDIUM,10.0,206.0,209.0,318.0,319.0,41.314,0.4192
Azerbaijan,2023,LEC,Ferrari,14.0,108.511,39.723,43.396,25.392,HARD,3.0,201.0,215.0,320.0,320.0,42.971,0.5883
Azerbaijan,2023,LEC,Ferrari,15.0,106.741,37.889,43.441,25.411,HARD,4.0,205.0,217.0,323.0,320.0,42.374,0.6825
Azerbaijan,2023,LEC,Ferrari,16.0,106.345,37.854,43.07,25.421,HARD,5.0,210.0,217.0,318.0,320.0,41.673,0.8271
Azerbaijan,2023,LEC,Ferrari,17.0,106.392,37.828,43.117,25.447,HARD,6.0,210.0,215.0,318.0,320.0,41.448,0.8874
Azerbaijan,2023,LEC,Ferrari,18.0,106.727,38.007,43.195,25.525,HARD,7.0,209.0,212.0,316.0,319.0,41.39,0.8954
Azerbaijan,2023,LEC,Ferrari,19.0,106.688,38.118,43.032,25.538,HARD,8.0,210.0,212.0,317.0,319.0,41.582,0.1935
Azerbaijan,2023,LEC,Ferrari,20.0,106.752,37.861,43.387,25.504,HARD,9.0,217.0,211.0,318.0,320.0,41.725,0.1958
Azerbaijan,2023,LEC,Ferrari,21.0,106.697,38.003,43.194,25.5,HARD,10.0,207.0,213.0,319.0,319.0,41.454,0.1471
Azerbaijan,2023,LEC,Ferrari,22.0,106.481,37.869,43.122,25.49,HARD,11.0,212.0,210.0,321.0,319.0,41.468,0.1081
Azerbaijan,2023,LEC,Ferrari,23.0,106.554,37.899,43.123,25.532,HARD,12.0,205.0,212.0,318.0,319.0,40.687,0.1125
Azerbaijan,2023,LEC,Ferrari,24.0,106.51,37.921,43.124,25.465,HARD,13.0,202.0,214.0,320.0,319.0,40.77,0.1193
Azerbaijan,2023,LEC,Ferrari,25.0,106.43,37.839,43.084,25.507,HARD,14.0,207.0,214.0,321.0,319.0,41.087,0.1015
Azerbaijan,2023,LEC,Ferrari,26.0,106.711,37.859,43.288,25.564,HARD,15.0,208.0,212.0,318.0,318.0,40.396,0.1071
Azerbaijan,2023,LEC,Ferrari,27.0,106.399,37.66,43.184,25.555,HARD,16.0,207.0,212.0,317.0,318.0,41.528,0.123
Azerbaijan,2023,LEC,Ferrari,28.0,105.874,37.52,42.9,25.454,HARD,17.0,207.0,215.0,320.0,318.0,40.651,0.3103
Azerbaijan,2023,LEC,Ferrari,29.0,105.938,37.553,42.857,25.528,HARD,18.0,205.0,215.0,317.0,318.0,41.322,0.3549
Azerbaijan,2023,LEC,Ferrari,30.0,106.375,37.731,43.098,25.546,HARD,19.0,205.0,213.0,316.0,318.0,41.306,0.3495
Azerbaijan,2023,LEC,Ferrari,31.0,106.018,37.747,42.887,25.384,HARD,20.0,213.0,215.0,321.0,319.0,41.157,0.2484
Azerbaijan,2023,LEC,Ferrari,32.0,105.627,37.387,42.741,25.499,HARD,21.0,209.0,217.0,317.0,317.0,40.607,0.2712
Azerbaijan,2023,LEC,Ferrari,33.0,105.726,37.393,42.887,25.446,HARD,22.0,216.0,217.0,316.0,318.0,40.405,0.2911
Azerbaijan,2023,LEC,Ferrari,34.0,105.873,37.528,42.903,25.442,HARD,23.0,209.0,219.0,316.0,318.0,41.287,0.2925
Azerbaijan,2023,LEC,Ferrari,35.0,105.589,37.403,42.799,25.387,HARD,24.0,210.0,213.0,317.0,318.0,40.039,0.1783
Azerbaijan,2023,LEC,Ferrari,36.0,105.446,37.317,42.764,25.365,HARD,25.0,209.0,214.0,319.0,319.0,41.064,0.1592
Azerbaijan,2023,LEC,Ferrari,37.0,105.332,37.321,42.652,25.359,HARD,26.0,211.0,217.0,320.0,318.0,41.33,0.2155
Azerbaijan,2023,LEC,Ferrari,38.0,105.266,37.264,42.587,25.415,HARD,27.0,213.0,220.0,320.0,318.0,40.457,0.2413
Azerbaijan,2023,LEC,Ferrari,39.0,105.265,37.286,42.632,25.347,HARD,28.0,210.0,215.0,320.0,319.0,40.382,0.1383
Azerbaijan,2023,LEC,Ferrari,40.0,105.363,37.345,42.624,25.394,HARD,29.0,213.0,217.0,319.0,319.0,40.551,0.0755
Azerbaijan,2023,LEC,Ferrari,41.0,105.383,37.382,42.674,25.327,HARD,30.0,214.0,217.0,318.0,319.0,41.375,0.0545
Azerbaijan,2023,LEC,Ferrari,42.0,105.006,37.334,42.38,25.292,HARD,31.0,210.0,220.0,320.0,320.0,40.77,0.1502
Azerbaijan,2023,LEC,Ferrari,43.0,104.67,37.099,42.266,25.305,HARD,32.0,211.0,218.0,319.0,320.0,40.723,0.3013
Azerbaijan,2023,LEC,Ferrari,44.0,105.323,37.298,42.709,25.316,HARD,33.0,213.0,221.0,316.0,320.0,40.965,0.3085
Azerbaijan,2023,LEC,Ferrari,45.0,104.886,37.159,42.47,25.257,HARD,34.0,215.0,221.0,323.0,320.0,41.228,0.2994
Azerbaijan,2023,LEC,Ferrari,46.0,104.927,37.123,42.565,25.239,HARD,35.0,217.0,220.0,319.0,320.0,40.792,0.2369
Azerbaijan,2023,LEC,Ferrari,47.0,105.048,37.231,42.566,25.251,HARD,36.0,213.0,218.0,320.0,321.0,40.777,0.2396
Azerbaijan,2023,LEC,Ferrari,48.0,105.045,37.187,42.578,25.28,HARD,37.0,212.0,222.0,325.0,321.0,41.136,0.1707
Azerbaijan,2023,LEC,Ferrari,49.0,104.561,36.907,42.495,25.159,HARD,38.0,218.0,218.0,326.0,321.0,41.793,0.1991
Azerbaijan,2023,LEC,Ferrari,50.0,104.977,37.293,42.532,25.152,HARD,39.0,218.0,218.0,324.0,322.0,41.968,0.2024
Azerbaijan,2023,LEC,Ferrari,51.0,105.409,37.584,42.742,25.083,HARD,40.0,208.0,210.0,322.0,324.0,41.112,0.3019
Azerbaijan,2023,MAG,Haas F1 Team,2.0,110.168,39.689,44.953,25.526,MEDIUM,2.0,192.0,197.0,325.0,324.0,44.172,
Azerbaijan,2023,MAG,Haas F1 Team,3.0,108.629,38.829,44.435,25.365,MEDIUM,3.0,194.0,198.0,337.0,325.0,43.553,
Azerbaijan,2023,MAG,Haas F1 Team,4.0,108.915,38.81,44.674,25.431,MEDIUM,4.0,194.0,206.0,337.0,324.0,43.937,0.8186
Azerbaijan,2023,MAG,Haas F1 Team,5.0,109.028,38.826,44.665,25.537,MEDIUM,5.0,185.0,202.0,326.0,323.0,44.272,0.6765
Azerbaijan,2023,MAG,Haas F1 Team,6.0,108.951,38.957,44.41,25.584,MEDIUM,6.0,197.0,206.0,324.0,324.0,43.915,0.5951
Azerbaijan,2023,MAG,Haas F1 Team,7.0,108.645,38.751,44.321,25.573,MEDIUM,7.0,198.0,205.0,326.0,324.0,43.453,0.1841
Azerbaijan,2023,MAG,Haas F1 Team,8.0,108.972,38.864,44.328,25.78,MEDIUM,8.0,195.0,209.0,317.0,320.0,42.988,0.1495
Azerbaijan,2023,MAG,Haas F1 Team,9.0,109.051,38.88,44.296,25.875,MEDIUM,9.0,197.0,213.0,322.0,319.0,43.486,0.1641
Azerbaijan,2023,MAG,Haas F1 Team,14.0,112.642,41.165,46.185,25.292,HARD,4.0,173.0,192.0,332.0,327.0,44.397,1.6785
Azerbaijan,2023,MAG,Haas F1 Team,15.0,109.108,39.233,44.633,25.242,HARD,5.0,185.0,196.0,326.0,327.0,43.666,1.6635
Azerbaijan,2023,MAG,Haas F1 Team,16.0,107.952,38.534,44.412,25.006,HARD,6.0,193.0,206.0,355.0,328.0,44.251,1.7953
Azerbaijan,2023,MAG,Haas F1 Team,17.0,108.871,39.689,44.038,25.144,HARD,7.0,198.0,207.0,340.0,326.0,44.256,1.8039
Azerbaijan,2023,MAG,Haas F1 Team,18.0,107.484,38.358,44.045,25.081,HARD,8.0,191.0,207.0,348.0,327.0,44.116,2.0289
Azerbaijan,2023,MAG,Haas F1 Team,19.0,107.752,38.607,43.775,25.37,HARD,9.0,195.0,208.0,323.0,324.0,43.91,0.7148
Azerbaijan,2023,MAG,Haas F1 Team,20.0,107.765,38.513,43.899,25.353,HARD,10.0,203.0,212.0,326.0,324.0,44.452,0.5333
Azerbaijan,2023,MAG,Haas F1 Team,21.0,107.567,38.256,43.92,25.391,HARD,11.0,200.0,205.0,330.0,324.0,44.107,0.5626
Azerbaijan,2023,MAG,Haas F1 Team,22.0,107.675,38.546,43.93,25.199,HARD,12.0,197.0,208.0,339.0,326.0,44.475,0.1211
Azerbaijan,2023,MAG,Haas F1 Team,23.0,107.906,38.616,44.124,25.166,HARD,13.0,194.0,206.0,340.0,326.0,44.206,0.1247
Azerbaijan,2023,MAG,Haas F1 Team,24.0,107.722,38.503,43.857,25.362,HARD,14.0,199.0,215.0,329.0,324.0,44.077,0.1243
Azerbaijan,2023,MAG,Haas F1 Team,25.0,107.862,38.682,43.924,25.256,HARD,15.0,200.0,210.0,338.0,324.0,43.974,0.1385
Azerbaijan,2023,MAG,Haas F1 Team,26.0,107.861,38.482,44.095,25.284,HARD,16.0,197.0,208.0,343.0,324.0,44.2,0.1005
Azerbaijan,2023,MAG,Haas F1 Team,27.0,108.357,38.399,44.408,25.55,HARD,17.0,207.0,209.0,324.0,323.0,44.169,0.2423
Azerbaijan,2023,MAG,Haas F1 Team,28.0,108.029,38.55,44.081,25.398,HARD,18.0,202.0,203.0,328.0,323.0,43.868,0.244
Azerbaijan,2023,MAG,Haas F1 Team,29.0,107.988,38.77,43.784,25.434,HARD,19.0,202.0,212.0,323.0,324.0,43.929,0.203
Azerbaijan,2023,MAG,Haas F1 Team,30.0,106.99,38.1,43.663,25.227,HARD,20.0,200.0,212.0,344.0,325.0,43.336,0.5118
Azerbaijan,2023,MAG,Haas F1 Team,31.0,107.313,38.119,43.847,25.347,HARD,21.0,196.0,212.0,324.0,325.0,43.579,0.5636
Azerbaijan,2023,MAG,Haas F1 Team,32.0,107.141,38.249,43.774,25.118,HARD,22.0,205.0,206.0,339.0,326.0,43.008,0.4852
Azerbaijan,2023,MAG,Haas F1 Team,33.0,107.382,38.369,43.918,25.095,HARD,23.0,202.0,209.0,343.0,325.0,43.55,0.3814
Azerbaijan,2023,MAG,Haas F1 Team,34.0,107.42,38.291,44.073,25.056,HARD,24.0,199.0,212.0,338.0,325.0,43.505,0.1801
Azerbaijan,2023,MAG,Haas F1 Team,35.0,107.487,38.425,43.832,25.23,HARD,25.0,205.0,212.0,332.0,326.0,42.941,0.132
Azerbaijan,2023,MAG,Haas F1 Team,36.0,107.348,38.335,43.997,25.016,HARD,26.0,198.0,208.0,345.0,328.0,44.19,0.1306
Azerbaijan,2023,MAG,Haas F1 Team,37.0,107.589,38.474,43.969,25.146,HARD,27.0,206.0,211.0,342.0,325.0,42.53,0.0955
Azerbaijan,2023,MAG,Haas F1 Team,38.0,107.261,38.147,43.882,25.232,HARD,28.0,200.0,214.0,332.0,323.0,43.427,0.126
Azerbaijan,2023,MAG,Haas F1 Team,39.0,107.021,38.17,43.646,25.205,HARD,29.0,199.0,215.0,332.0,325.0,43.35,0.2189
Azerbaijan,2023,MAG,Haas F1 Team,40.0,106.653,37.897,43.635,25.121,HARD,30.0,207.0,216.0,343.0,327.0,43.47,0.3553
Azerbaijan,2023,MAG,Haas F1 Team,41.0,107.351,38.324,43.738,25.289,HARD,31.0,200.0,212.0,329.0,323.0,43.527,0.3557
Azerbaijan,2023,MAG,Haas F1 Team,42.0,106.585,37.92,43.512,25.153,HARD,32.0,209.0,218.0,335.0,325.0,43.249,0.3468
Azerbaijan,2023,MAG,Haas F1 Team,43.0,106.563,37.842,43.634,25.087,HARD,33.0,206.0,215.0,339.0,326.0,43.529,0.343
Azerbaijan,2023,MAG,Haas F1 Team,44.0,106.775,38.108,43.54,25.127,HARD,34.0,210.0,208.0,344.0,326.0,43.402,0.3268
Azerbaijan,2023,MAG,Haas F1 Team,45.0,106.802,38.269,43.423,25.11,HARD,35.0,208.0,207.0,344.0,326.0,43.428,0.3184
Azerbaijan,2023,MAG,Haas F1 Team,46.0,106.677,38.21,43.497,24.97,HARD,36.0,206.0,212.0,345.0,328.0,43.532,0.108
Azerbaijan,2023,MAG,Haas F1 Team,47.0,106.946,38.175,43.632,25.139,HARD,37.0,210.0,217.0,337.0,326.0,43.492,0.1432
Azerbaijan,2023,MAG,Haas F1 Team,48.0,107.926,38.449,44.458,25.019,HARD,38.0,178.0,194.0,345.0,329.0,43.804,0.5127
Azerbaijan,2023,MAG,Haas F1 Team,49.0,107.217,38.659,43.225,25.333,HARD,39.0,217.0,215.0,317.0,324.0,43.126,0.4966
Azerbaijan,2023,MAG,Haas F1 Team,50.0,106.102,37.807,43.142,25.153,HARD,40.0,212.0,215.0,330.0,325.0,43.614,0.6736
Azerbaijan,2023,MAG,Haas F1 Team,51.0,105.85,37.78,42.898,25.172,HARD,41.0,208.0,215.0,330.0,326.0,42.943,0.8445
Azerbaijan,2023,NOR,McLaren,2.0,108.739,39.036,44.081,25.622,MEDIUM,2.0,189.0,199.0,315.0,319.0,43.929,
Azerbaijan,2023,NOR,McLaren,3.0,108.094,38.463,43.906,25.725,MEDIUM,3.0,189.0,204.0,318.0,319.0,43.02,
Azerbaijan,2023,NOR,McLaren,4.0,108.096,38.536,43.961,25.599,MEDIUM,4.0,190.0,204.0,320.0,318.0,43.288,0.3718
Azerbaijan,2023,NOR,McLaren,5.0,108.08,38.421,43.998,25.661,MEDIUM,5.0,197.0,206.0,321.0,316.0,43.299,0.3246
Azerbaijan,2023,NOR,McLaren,6.0,108.216,38.509,43.997,25.71,MEDIUM,6.0,196.0,203.0,322.0,318.0,43.03,0.2816
Azerbaijan,2023,NOR,McLaren,7.0,108.248,38.482,44.06,25.706,MEDIUM,7.0,197.0,210.0,321.0,318.0,43.404,0.0788
Azerbaijan,2023,NOR,McLaren,8.0,108.336,38.588,43.942,25.806,MEDIUM,8.0,192.0,207.0,318.0,318.0,42.873,0.1074
Azerbaijan,2023,NOR,McLaren,14.0,111.811,42.049,44.233,25.529,HARD,5.0,193.0,202.0,326.0,322.0,43.949,1.6086
Azerbaijan,2023,NOR,McLaren,15.0,108.489,39.149,43.838,25.502,HARD,6.0,187.0,200.0,321.0,322.0,43.868,1.5638
Azerbaijan,2023,NOR,McLaren,16.0,107.832,38.589,43.909,25.334,HARD,7.0,195.0,197.0,336.0,322.0,43.645,1.6215
Azerbaijan,2023,NOR,McLaren,17.0,107.967,38.611,43.869,25.487,HARD,8.0,186.0,202.0,328.0,320.0,43.401,1.6561
Azerbaijan,2023,NOR,McLaren,18.0,107.516,38.347,43.741,25.428,HARD,9.0,188.0,202.0,325.0,321.0,43.233,1.7616
Azerbaijan,2023,NOR,McLaren,19.0,107.354,38.23,43.705,25.419,HARD,10.0,189.0,199.0,332.0,323.0,43.277,0.4411
Azerbaijan,2023,NOR,McLaren,20.0,107.343,38.333,43.846,25.164,HARD,11.0,185.0,203.0,342.0,325.0,43.45,0.2838
Azerbaijan,2023,NOR,McLaren,21.0,108.366,38.864,44.051,25.451,HARD,12.0,186.0,200.0,321.0,323.0,43.179,0.4459
Azerbaijan,2023,NOR,McLaren,22.0,107.676,38.376,43.9,25.4,HARD,13.0,189.0,198.0,328.0,322.0,43.363,0.4222
Azerbaijan,2023,NOR,McLaren,23.0,108.343,38.824,44.243,25.276,HARD,14.0,183.0,202.0,339.0,325.0,43.522,0.5092
Azerbaijan,2023,NOR,McLaren,24.0,108.318,38.686,44.261,25.371,HARD,15.0,192.0,196.0,339.0,322.0,43.613,0.4714
Azerbaijan,2023,NOR,McLaren,25.0,107.782,38.329,44.137,25.316,HARD,16.0,187.0,199.0,338.0,323.0,43.535,0.3384
Azerbaijan,2023,NOR,McLaren,26.0,107.882,38.453,44.051,25.378,HARD,17.0,185.0,203.0,339.0,322.0,43.586,0.3103
Azerbaijan,2023,NOR,McLaren,27.0,108.021,38.223,44.562,25.236,HARD,18.0,188.0,199.0,338.0,324.0,43.211,0.2533
Azerbaijan,2023,NOR,McLaren,28.0,107.994,38.66,43.973,25.361,HARD,19.0,188.0,202.0,333.0,322.0,43.77,0.2019
Azerbaijan,2023,NOR,McLaren,29.0,107.445,38.357,43.755,25.333,HARD,20.0,186.0,201.0,335.0,322.0,43.466,0.2326
Azerbaijan,2023,NOR,McLaren,30.0,107.449,38.224,43.88,25.345,HARD,21.0,184.0,201.0,335.0,323.0,43.539,0.2888
Azerbaijan,2023,NOR,McLaren,31.0,107.388,38.251,43.766,25.371,HARD,22.0,192.0,206.0,334.0,323.0,43.219,0.3188
Azerbaijan,2023,NOR,McLaren,32.0,107.17,38.122,43.668,25.38,HARD,23.0,191.0,207.0,335.0,321.0,43.295,0.3044
Azerbaijan,2023,NOR,McLaren,33.0,107.241,38.168,43.805,25.268,HARD,24.0,187.0,206.0,335.0,322.0,43.081,0.1264
Azerbaijan,2023,NOR,McLaren,34.0,107.1,38.193,43.616,25.291,HARD,25.0,190.0,203.0,335.0,321.0,43.149,0.1464
Azerbaijan,2023,NOR,McLaren,35.0,106.741,37.85,43.631,25.26,HARD,26.0,192.0,201.0,337.0,323.0,43.402,0.2412
Azerbaijan,2023,NOR,McLaren,36.0,107.354,38.325,43.748,25.281,HARD,27.0,192.0,204.0,336.0,323.0,43.157,0.2323
Azerbaijan,2023,NOR,McLaren,37.0,106.896,38.054,43.584,25.258,HARD,28.0,194.0,208.0,335.0,322.0,43.421,0.2496
Azerbaijan,2023,NOR,McLaren,38.0,106.685,37.97,43.413,25.302,HARD,29.0,192.0,199.0,335.0,323.0,43.363,0.275
Azerbaijan,2023,NOR,McLaren,39.0,106.898,38.114,43.515,25.269,HARD,30.0,193.0,200.0,336.0,322.0,42.855,0.2629
Azerbaijan,2023,NOR,McLaren,40.0,106.937,38.089,43.608,25.24,HARD,31.0,195.0,206.0,335.0,323.0,43.131,0.2445
Azerbaijan,2023,NOR,McLaren,41.0,106.863,37.9,43.681,25.282,HARD,32.0,193.0,202.0,333.0,323.0,43.106,0.099
Azerbaijan,2023,NOR,McLaren,42.0,106.641,37.919,43.464,25.258,HARD,33.0,197.0,207.0,330.0,324.0,43.106,0.133
Azerbaijan,2023,NOR,McLaren,43.0,106.932,38.18,43.656,25.096,HARD,34.0,190.0,200.0,341.0,325.0,43.166,0.1228
Azerbaijan,2023,NOR,McLaren,44.0,107.27,38.558,43.575,25.137,HARD,35.0,195.0,202.0,332.0,324.0,43.196,0.2256
Azerbaijan,2023,NOR,McLaren,45.0,107.741,38.226,43.941,25.574,HARD,36.0,198.0,209.0,315.0,318.0,43.14,0.4285
Azerbaijan,2023,NOR,McLaren,46.0,106.134,37.773,42.928,25.433,HARD,37.0,205.0,214.0,318.0,318.0,42.774,0.6102
Azerbaijan,2023,NOR,McLaren,47.0,106.188,37.544,43.241,25.403,HARD,38.0,210.0,212.0,319.0,318.0,42.929,0.6942
Azerbaijan,2023,NOR,McLaren,48.0,106.197,37.85,42.907,25.44,HARD,39.0,206.0,211.0,320.0,318.0,42.678,0.749
Azerbaijan,2023,NOR,McLaren,49.0,105.738,37.591,42.771,25.376,HARD,40.0,202.0,211.0,318.0,319.0,43.088,0.7735
Azerbaijan,2023,NOR,McLaren,50.0,106.056,37.608,43.108,25.34,HARD,41.0,207.0,215.0,319.0,321.0,43.382,0.1899
Azerbaijan,2023,NOR,McLaren,51.0,106.397,37.71,43.187,25.5,HARD,42.0,210.0,220.0,317.0,319.0,42.951,0.2435
Azerbaijan,2023,OCO,Alpine,2.0,110.023,39.419,45.127,25.477,HARD,2.0,192.0,198.0,322.0,325.0,43.845,
Azerbaijan,2023,OCO,Alpine,3.0,109.485,39.217,44.969,25.299,HARD,3.0,185.0,207.0,339.0,325.0,44.072,
Azerbaijan,2023,OCO,Alpine,4.0,109.023,39.084,44.549,25.39,HARD,4.0,183.0,203.0,336.0,324.0,43.228,0.5005
Azerbaijan,2023,OCO,Alpine,5.0,109.005,39.004,44.712,25.289,HARD,5.0,185.0,204.0,337.0,324.0,43.607,0.4804
Azerbaijan,2023,OCO,Alpine,6.0,109.117,39.193,44.641,25.283,HARD,6.0,185.0,207.0,335.0,326.0,43.943,0.4329
Azerbaijan,2023,OCO,Alpine,7.0,108.571,38.773,44.431,25.367,HARD,7.0,189.0,199.0,336.0,324.0,43.326,0.3261
Azerbaijan,2023,OCO,Alpine,8.0,109.196,39.011,44.755,25.43,HARD,8.0,185.0,199.0,337.0,323.0,44.03,0.2425
Azerbaijan,2023,OCO,Alpine,9.0,109.081,39.066,44.64,25.375,HARD,9.0,190.0,204.0,338.0,325.0,43.805,0.2462
Azerbaijan,2023,OCO,Alpine,14.0,111.269,41.335,44.535,25.399,HARD,14.0,190.0,204.0,328.0,323.0,43.789,1.048
Azerbaijan,2023,OCO,Alpine,15.0,108.156,38.923,43.811,25.422,HARD,15.0,188.0,207.0,319.0,323.0,43.944,1.2006
Azerbaijan,2023,OCO,Alpine,16.0,107.633,38.289,43.857,25.487,HARD,16.0,187.0,217.0,319.0,323.0,43.512,1.3921
Azerbaijan,2023,OCO,Alpine,17.0,107.681,38.285,43.837,25.559,HARD,17.0,199.0,210.0,318.0,322.0,43.053,1.5163
Azerbaijan,2023,OCO,Alpine,18.0,107.454,38.228,43.744,25.482,HARD,18.0,191.0,210.0,317.0,322.0,43.224,1.6034
Azerbaijan,2023,OCO,Alpine,19.0,107.656,38.262,43.805,25.589,HARD,19.0,192.0,213.0,315.0,321.0,43.304,0.2617
Azerbaijan,2023,OCO,Alpine,20.0,107.586,38.283,43.648,25.655,HARD,20.0,203.0,216.0,316.0,321.0,43.621,0.0898
Azerbaijan,2023,OCO,Alpine,21.0,107.553,38.247,43.674,25.632,HARD,21.0,202.0,208.0,315.0,321.0,43.036,0.0901
Azerbaijan,2023,OCO,Alpine,22.0,108.172,38.227,44.35,25.595,HARD,22.0,196.0,202.0,325.0,319.0,43.056,0.2822
Azerbaijan,2023,OCO,Alpine,23.0,108.978,39.444,43.915,25.619,HARD,23.0,192.0,208.0,313.0,319.0,43.299,0.6072
Azerbaijan,2023,OCO,Alpine,24.0,107.88,38.427,43.769,25.684,HARD,24.0,192.0,213.0,312.0,318.0,42.991,0.5844
Azerbaijan,2023,OCO,Alpine,25.0,108.055,38.497,43.945,25.613,HARD,25.0,197.0,212.0,313.0,318.0,43.01,0.5296
Azerbaijan,2023,OCO,Alpine,26.0,107.604,38.143,43.806,25.655,HARD,26.0,199.0,207.0,312.0,319.0,43.355,0.5161
Azerbaijan,2023,OCO,Alpine,27.0,107.782,38.286,43.845,25.651,HARD,27.0,204.0,212.0,313.0,319.0,42.592,0.5386
Azerbaijan,2023,OCO,Alpine,28.0,107.665,38.233,43.805,25.627,HARD,28.0,196.0,211.0,313.0,318.0,42.827,0.1791
Azerbaijan,2023,OCO,Alpine,29.0,107.834,38.412,43.781,25.641,HARD,29.0,201.0,211.0,312.0,318.0,42.963,0.1749
Azerbaijan,2023,OCO,Alpine,30.0,107.451,38.193,43.608,25.65,HARD,30.0,196.0,215.0,313.0,318.0,42.889,0.1514
Azerbaijan,2023,OCO,Alpine,31.0,107.324,38.133,43.595,25.596,HARD,31.0,206.0,214.0,313.0,318.0,42.288,0.2179
Azerbaijan,2023,OCO,Alpine,32.0,107.232,37.996,43.607,25.629,HARD,32.0,197.0,210.0,312.0,316.0,42.9,0.247
Azerbaijan,2023,OCO,Alpine,33.0,107.09,38.064,43.491,25.535,HARD,33.0,205.0,216.0,314.0,318.0,42.074,0.2829
Azerbaijan,2023,OCO,Alpine,34.0,107.074,37.874,43.602,25.598,HARD,34.0,206.0,211.0,314.0,317.0,43.198,0.1593
Azerbaijan,2023,OCO,Alpine,35.0,107.028,38.006,43.513,25.509,HARD,35.0,199.0,210.0,315.0,318.0,43.014,0.1238
Azerbaijan,2023,OCO,Alpine,36.0,107.293,38.156,43.555,25.582,HARD,36.0,205.0,218.0,315.0,318.0,42.9,0.1132
Azerbaijan,2023,OCO,Alpine,37.0,106.719,37.849,43.328,25.542,HARD,37.0,208.0,215.0,315.0,317.0,42.975,0.2067
Azerbaijan,2023,OCO,Alpine,38.0,106.607,37.757,43.268,25.582,HARD,38.0,206.0,214.0,314.0,318.0,42.961,0.2784
Azerbaijan,2023,OCO,Alpine,39.0,106.897,37.882,43.428,25.587,HARD,39.0,209.0,215.0,314.0,317.0,42.684,0.2688
Azerbaijan,2023,OCO,Alpine,40.0,106.893,37.991,43.335,25.567,HARD,40.0,209.0,209.0,315.0,318.0,42.53,0.2605
Azerbaijan,2023,OCO,Alpine,41.0,106.826,37.906,43.399,25.521,HARD,41.0,204.0,219.0,314.0,318.0,42.505,0.1244
Azerbaijan,2023,OCO,Alpine,42.0,106.7,37.859,43.259,25.582,HARD,42.0,206.0,214.0,315.0,318.0,42.794,0.1273
Azerbaijan,2023,OCO,Alpine,43.0,106.784,37.785,43.425,25.574,HARD,43.0,207.0,211.0,314.0,319.0,43.126,0.0821
Azerbaijan,2023,OCO,Alpine,44.0,106.669,37.906,43.249,25.514,HARD,44.0,208.0,214.0,314.0,318.0,42.651,0.0915
Azerbaijan,2023,OCO,Alpine,45.0,106.871,37.852,43.478,25.541,HARD,45.0,213.0,210.0,314.0,318.0,42.896,0.0846
Azerbaijan,2023,OCO,Alpine,46.0,106.606,37.858,43.262,25.486,HARD,46.0,211.0,218.0,315.0,317.0,42.481,0.1033
Azerbaijan,2023,OCO,Alpine,47.0,106.527,37.775,43.268,25.484,HARD,47.0,211.0,217.0,314.0,317.0,42.402,0.1375
Azerbaijan,2023,OCO,Alpine,48.0,106.414,37.758,43.179,25.477,HARD,48.0,203.0,219.0,316.0,317.0,43.224,0.1708
Azerbaijan,2023,OCO,Alpine,49.0,105.908,37.405,43.093,25.41,HARD,49.0,211.0,218.0,315.0,318.0,42.0,0.3541
Azerbaijan,2023,PER,Red Bull Racing,2.0,107.717,38.505,43.719,25.493,MEDIUM,2.0,192.0,202.0,326.0,321.0,44.76,
Azerbaijan,2023,PER,Red Bull Racing,3.0,107.657,38.249,43.898,25.51,MEDIUM,3.0,194.0,200.0,345.0,321.0,45.044,
Azerbaijan,2023,PER,Red Bull Racing,4.0,107.404,38.393,43.785,25.226,MEDIUM,4.0,195.0,202.0,345.0,323.0,44.481,0.1661
Azerbaijan,2023,PER,Red Bull Racing,5.0,107.615,38.675,43.735,25.205,MEDIUM,5.0,195.0,203.0,347.0,322.0,44.932,0.1361
Azerbaijan,2023,PER,Red Bull Racing,6.0,107.073,38.255,43.277,25.541,MEDIUM,6.0,201.0,211.0,326.0,320.0,44.204,0.2628
Azerbaijan,2023,PER,Red Bull Racing,7.0,106.885,38.01,43.25,25.625,MEDIUM,7.0,199.0,210.0,325.0,320.0,44.206,0.3383
Azerbaijan,2023,PER,Red Bull Racing,8.0,106.807,37.959,43.239,25.609,MEDIUM,8.0,202.0,207.0,327.0,320.0,43.847,0.3444
Azerbaijan,2023,PER,Red Bull Racing,9.0,106.448,37.722,43.262,25.464,MEDIUM,9.0,201.0,212.0,341.0,321.0,44.021,0.428
Azerbaijan,2023,PER,Red Bull Racing,10.0,106.905,38.135,43.37,25.4,MEDIUM,10.0,200.0,206.0,339.0,322.0,44.367,0.2313
Azerbaijan,2023,PER,Red Bull Racing,14.0,105.798,37.826,42.388,25.584,HARD,3.0,212.0,218.0,318.0,316.0,43.567,0.4686
Azerbaijan,2023,PER,Red Bull Racing,15.0,105.803,37.586,42.638,25.579,HARD,4.0,207.0,218.0,323.0,318.0,43.062,0.5316
Azerbaijan,2023,PER,Red Bull Racing,16.0,105.518,37.44,42.5,25.578,HARD,5.0,209.0,222.0,323.0,318.0,43.036,0.5673
Azerbaijan,2023,PER,Red Bull Racing,17.0,105.523,37.495,42.506,25.522,HARD,6.0,208.0,217.0,323.0,318.0,43.398,0.5739
Azerbaijan,2023,PER,Red Bull Racing,18.0,105.504,37.414,42.552,25.538,HARD,7.0,209.0,217.0,323.0,318.0,42.708,0.1565
Azerbaijan,2023,PER,Red Bull Racing,19.0,105.471,37.298,42.543,25.63,HARD,8.0,210.0,213.0,323.0,319.0,43.323,0.1352
Azerbaijan,2023,PER,Red Bull Racing,20.0,105.677,37.381,42.682,25.614,HARD,9.0,208.0,207.0,324.0,319.0,43.04,0.08
Azerbaijan,2023,PER,Red Bull Racing,21.0,105.838,37.553,42.699,25.586,HARD,10.0,210.0,208.0,323.0,319.0,43.355,0.1536
Azerbaijan,2023,PER,Red Bull Racing,22.0,105.695,37.434,42.628,25.633,HARD,11.0,200.0,213.0,323.0,319.0,43.668,0.1505
Azerbaijan,2023,PER,Red Bull Racing,23.0,105.779,37.596,42.696,25.487,HARD,12.0,209.0,212.0,324.0,319.0,43.448,0.1396
Azerbaijan,2023,PER,Red Bull Racing,24.0,105.734,37.56,42.658,25.516,HARD,13.0,201.0,215.0,323.0,318.0,43.667,0.0653
Azerbaijan,2023,PER,Red Bull Racing,25.0,105.666,37.447,42.76,25.459,HARD,14.0,212.0,212.0,323.0,319.0,43.871,0.0683
Azerbaijan,2023,PER,Red Bull Racing,26.0,105.732,37.491,42.703,25.538,HARD,15.0,204.0,212.0,324.0,319.0,43.409,0.0429
Azerbaijan,2023,PER,Red Bull Racing,27.0,105.521,37.476,42.527,25.518,HARD,16.0,202.0,212.0,323.0,318.0,43.6,0.1009
Azerbaijan,2023,PER,Red Bull Racing,28.0,105.538,37.378,42.626,25.534,HARD,17.0,206.0,218.0,322.0,318.0,44.157,0.1031
Azerbaijan,2023,PER,Red Bull Racing,29.0,105.745,37.536,42.751,25.458,HARD,18.0,201.0,216.0,323.0,318.0,43.556,0.1057
Azerbaijan,2023,PER,Red Bull Racing,30.0,105.394,37.322,42.57,25.502,HARD,19.0,209.0,215.0,322.0,318.0,44.216,0.15
Azerbaijan,2023,PER,Red Bull Racing,31.0,105.485,37.491,42.501,25.493,HARD,20.0,207.0,213.0,323.0,319.0,43.562,0.1291
Azerbaijan,2023,PER,Red Bull Racing,32.0,105.311,37.328,42.511,25.472,HARD,21.0,208.0,216.0,324.0,319.0,43.345,0.1647
Azerbaijan,2023,PER,Red Bull Racing,33.0,105.395,37.191,42.813,25.391,HARD,22.0,210.0,213.0,323.0,318.0,42.863,0.1677
Azerbaijan,2023,PER,Red Bull Racing,34.0,105.262,37.307,42.625,25.33,HARD,23.0,205.0,212.0,323.0,319.0,44.105,0.086
Azerbaijan,2023,PER,Red Bull Racing,35.0,104.869,37.119,42.408,25.342,HARD,24.0,212.0,216.0,324.0,318.0,43.191,0.2368
Azerbaijan,2023,PER,Red Bull Racing,36.0,104.898,37.129,42.427,25.342,HARD,25.0,214.0,217.0,325.0,320.0,43.886,0.2454
Azerbaijan,2023,PER,Red Bull Racing,37.0,104.97,37.071,42.599,25.3,HARD,26.0,214.0,215.0,326.0,321.0,43.57,0.2356
Azerbaijan,2023,PER,Red Bull Racing,38.0,105.017,37.169,42.546,25.302,HARD,27.0,216.0,215.0,326.0,320.0,43.705,0.156
Azerbaijan,2023,PER,Red Bull Racing,39.0,105.092,37.254,42.48,25.358,HARD,28.0,215.0,215.0,325.0,321.0,43.535,0.0901
Azerbaijan,2023,PER,Red Bull Racing,40.0,105.342,37.453,42.661,25.228,HARD,29.0,216.0,211.0,325.0,322.0,43.195,0.1708
Azerbaijan,2023,PER,Red Bull Racing,41.0,105.676,37.731,42.747,25.198,HARD,30.0,212.0,215.0,326.0,322.0,43.356,0.2928
Azerbaijan,2023,PER,Red Bull Racing,42.0,105.096,37.301,42.77,25.025,HARD,31.0,211.0,212.0,344.0,324.0,43.282,0.2705
Azerbaijan,2023,PER,Red Bull Racing,43.0,104.875,37.113,42.434,25.328,HARD,32.0,212.0,224.0,325.0,320.0,42.939,0.3056
Azerbaijan,2023,PER,Red Bull Racing,44.0,104.75,37.117,42.3,25.333,HARD,33.0,215.0,219.0,325.0,321.0,42.315,0.3715
Azerbaijan,2023,PER,Red Bull Racing,45.0,104.96,37.236,42.412,25.312,HARD,34.0,215.0,223.0,324.0,320.0,41.76,0.3607
Azerbaijan,2023,PER,Red Bull Racing,46.0,104.731,37.086,42.388,25.257,HARD,35.0,220.0,220.0,325.0,320.0,42.164,0.1518
Azerbaijan,2023,PER,Red Bull Racing,47.0,105.139,37.296,42.526,25.317,HARD,36.0,221.0,219.0,324.0,321.0,43.032,0.1673
Azerbaijan,2023,PER,Red Bull Racing,48.0,104.892,37.244,42.429,25.219,HARD,37.0,217.0,225.0,327.0,321.0,42.873,0.1671
Azerbaijan,2023,PER,Red Bull Racing,49.0,104.611,37.102,42.337,25.172,HARD,38.0,217.0,227.0,326.0,320.0,42.959,0.2045
Azerbaijan,2023,PER,Red Bull Racing,50.0,104.589,37.132,42.22,25.237,HARD,39.0,218.0,217.0,327.0,322.0,42.975,0.2281
Azerbaijan,2023,PER,Red Bull Racing,51.0,104.926,37.12,42.507,25.299,HARD,40.0,218.0,212.0,302.0,323.0,43.549,0.2316
Azerbaijan,2023,PIA,McLaren,2.0,109.527,39.694,44.345,25.488,MEDIUM,2.0,185.0,203.0,320.0,321.0,42.908,
Azerbaijan,2023,PIA,McLaren,3.0,108.452,38.841,44.191,25.42,MEDIUM,3.0,195.0,208.0,332.0,321.0,42.44,
Azerbaijan,2023,PIA,McLaren,4.0,109.002,39.022,44.287,25.693,MEDIUM,4.0,191.0,205.0,319.0,319.0,42.013,0.5375
Azerbaijan,2023,PIA,McLaren,5.0,108.298,38.671,44.159,25.468,MEDIUM,5.0,191.0,206.0,333.0,318.0,42.454,0.56
Azerbaijan,2023,PIA,McLaren,6.0,108.485,38.642,44.289,25.554,MEDIUM,6.0,190.0,207.0,323.0,319.0,42.685,0.5076
Azerbaijan,2023,PIA,McLaren,7.0,109.102,39.196,44.225,25.681,MEDIUM,7.0,195.0,209.0,320.0,319.0,42.417,0.3595
Azerbaijan,2023,PIA,McLaren,14.0,112.604,41.748,45.487,25.369,HARD,6.0,182.0,201.0,328.0,323.0,43.399,1.7689
Azerbaijan,2023,PIA,McLaren,15.0,108.618,38.969,44.237,25.412,HARD,7.0,193.0,201.0,318.0,324.0,42.784,1.8038
Azerbaijan,2023,PIA,McLaren,16.0,108.175,38.65,44.253,25.272,HARD,8.0,192.0,205.0,335.0,322.0,43.009,1.8237
Azerbaijan,2023,PIA,McLaren,17.0,107.625,38.18,44.207,25.238,HARD,9.0,185.0,208.0,338.0,322.0,43.093,1.9662
Azerbaijan,2023,PIA,McLaren,18.0,107.723,38.231,44.246,25.246,HARD,10.0,188.0,199.0,338.0,322.0,42.739,2.0811
Azerbaijan,2023,PIA,McLaren,19.0,107.736,38.062,44.271,25.403,HARD,11.0,191.0,204.0,327.0,322.0,42.965,0.4173
Azerbaijan,2023,PIA,McLaren,20.0,107.361,38.03,44.065,25.266,HARD,12.0,193.0,203.0,339.0,325.0,42.443,0.2937
Azerbaijan,2023,PIA,McLaren,21.0,108.171,38.524,44.326,25.321,HARD,13.0,187.0,202.0,337.0,323.0,42.806,0.2922
Azerbaijan,2023,PIA,McLaren,22.0,107.876,38.396,44.09,25.39,HARD,14.0,194.0,200.0,324.0,323.0,42.604,0.2927
Azerbaijan,2023,PIA,McLaren,23.0,108.325,38.655,44.348,25.322,HARD,15.0,193.0,202.0,329.0,323.0,42.437,0.3781
Azerbaijan,2023,PIA,McLaren,24.0,107.929,38.378,44.171,25.38,HARD,16.0,193.0,202.0,329.0,323.0,42.278,0.3677
Azerbaijan,2023,PIA,McLaren,25.0,108.252,38.713,44.129,25.41,HARD,17.0,195.0,208.0,327.0,321.0,42.877,0.1985
Azerbaijan,2023,PIA,McLaren,26.0,108.025,38.395,44.158,25.472,HARD,18.0,190.0,208.0,326.0,322.0,42.466,0.1981
Azerbaijan,2023,PIA,McLaren,27.0,107.563,38.126,44.055,25.382,HARD,19.0,198.0,204.0,329.0,323.0,42.376,0.3017
Azerbaijan,2023,PIA,McLaren,28.0,108.227,38.46,44.288,25.479,HARD,20.0,194.0,199.0,327.0,322.0,42.605,0.2791
Azerbaijan,2023,PIA,McLaren,29.0,107.866,38.445,43.981,25.44,HARD,21.0,200.0,205.0,325.0,322.0,42.115,0.2845
Azerbaijan,2023,PIA,McLaren,30.0,107.654,38.331,43.952,25.371,HARD,22.0,198.0,208.0,325.0,322.0,42.473,0.2703
Azerbaijan,2023,PIA,McLaren,31.0,107.038,38.109,43.573,25.356,HARD,23.0,201.0,210.0,325.0,322.0,42.927,0.4358
Azerbaijan,2023,PIA,McLaren,32.0,107.356,38.231,43.747,25.378,HARD,24.0,200.0,202.0,325.0,321.0,42.061,0.4578
Azerbaijan,2023,PIA,McLaren,33.0,107.382,38.169,43.808,25.405,HARD,25.0,194.0,200.0,325.0,321.0,42.334,0.3152
Azerbaijan,2023,PIA,McLaren,34.0,107.545,38.235,43.884,25.426,HARD,26.0,197.0,206.0,323.0,320.0,42.125,0.2338
Azerbaijan,2023,PIA,McLaren,35.0,107.157,37.957,43.749,25.451,HARD,27.0,201.0,206.0,324.0,320.0,42.01,0.1993
Azerbaijan,2023,PIA,McLaren,36.0,106.925,37.936,43.588,25.401,HARD,28.0,202.0,210.0,325.0,321.0,42.396,0.2384
Azerbaijan,2023,PIA,McLaren,37.0,107.014,37.966,43.567,25.481,HARD,29.0,198.0,204.0,323.0,320.0,42.551,0.257
Azerbaijan,2023,PIA,McLaren,38.0,106.868,37.896,43.544,25.428,HARD,30.0,196.0,212.0,325.0,319.0,42.759,0.2707
Azerbaijan,2023,PIA,McLaren,39.0,106.873,37.983,43.456,25.434,HARD,31.0,196.0,206.0,323.0,321.0,42.633,0.1211
Azerbaijan,2023,PIA,McLaren,40.0,107.239,38.029,43.712,25.498,HARD,32.0,200.0,208.0,324.0,321.0,42.542,0.1543
Azerbaijan,2023,PIA,McLaren,41.0,107.097,38.047,43.605,25.445,HARD,33.0,201.0,206.0,322.0,320.0,42.676,0.157
Azerbaijan,2023,PIA,McLaren,42.0,106.889,37.902,43.56,25.427,HARD,34.0,197.0,208.0,322.0,319.0,42.578,0.1675
Azerbaijan,2023,PIA,McLaren,43.0,106.929,37.751,43.72,25.458,HARD,35.0,207.0,214.0,321.0,321.0,41.986,0.158
Azerbaijan,2023,PIA,McLaren,44.0,106.86,37.816,43.635,25.409,HARD,36.0,199.0,207.0,324.0,320.0,42.814,0.1608
Azerbaijan,2023,PIA,McLaren,45.0,107.196,38.003,43.828,25.365,HARD,37.0,204.0,204.0,325.0,322.0,42.362,0.1454
Azerbaijan,2023,PIA,McLaren,46.0,107.193,38.147,43.846,25.2,HARD,38.0,196.0,201.0,329.0,323.0,42.282,0.1671
Azerbaijan,2023,PIA,McLaren,47.0,107.158,38.037,44.059,25.062,HARD,39.0,196.0,189.0,346.0,327.0,42.8,0.1602
Azerbaijan,2023,PIA,McLaren,48.0,107.06,38.303,43.356,25.401,HARD,40.0,203.0,211.0,317.0,319.0,42.195,0.1416
Azerbaijan,2023,PIA,McLaren,49.0,106.43,38.004,42.996,25.43,HARD,41.0,205.0,208.0,319.0,319.0,42.735,0.3274
Azerbaijan,2023,PIA,McLaren,50.0,106.113,37.633,43.08,25.4,HARD,42.0,206.0,214.0,324.0,320.0,42.609,0.4896
Azerbaijan,2023,PIA,McLaren,51.0,105.631,37.461,42.88,25.29,HARD,43.0,204.0,219.0,324.0,321.0,42.499,0.6431
Azerbaijan,2023,RUS,Mercedes,2.0,108.818,38.844,44.297,25.677,MEDIUM,2.0,191.0,207.0,323.0,318.0,43.755,
Azerbaijan,2023,RUS,Mercedes,3.0,107.908,38.338,44.011,25.559,MEDIUM,3.0,191.0,204.0,329.0,319.0,43.726,
Azerbaijan,2023,RUS,Mercedes,4.0,108.252,38.419,44.245,25.588,MEDIUM,4.0,195.0,206.0,319.0,318.0,43.744,0.4595
Azerbaijan,2023,RUS,Mercedes,5.0,108.443,38.618,44.193,25.632,MEDIUM,5.0,191.0,207.0,324.0,316.0,44.238,0.3797
Azerbaijan,2023,RUS,Mercedes,6.0,108.174,38.339,44.173,25.662,MEDIUM,6.0,191.0,206.0,317.0,319.0,43.602,0.3387
Azerbaijan,2023,RUS,Mercedes,7.0,108.314,38.53,44.092,25.692,MEDIUM,7.0,190.0,207.0,324.0,317.0,43.734,0.1994
Azerbaijan,2023,RUS,Mercedes,8.0,108.088,38.402,44.018,25.668,MEDIUM,8.0,192.0,203.0,324.0,318.0,44.207,0.1354
Azerbaijan,2023,RUS,Mercedes,9.0,107.757,38.412,43.896,25.449,MEDIUM,9.0,197.0,204.0,330.0,322.0,43.848,0.2605
Azerbaijan,2023,RUS,Mercedes,10.0,107.662,38.109,43.77,25.783,MEDIUM,10.0,197.0,210.0,317.0,316.0,43.601,0.2783
Azerbaijan,2023,RUS,Mercedes,14.0,110.486,40.676,44.318,25.492,HARD,3.0,185.0,206.0,325.0,320.0,44.214,1.1614
Azerbaijan,2023,RUS,Mercedes,15.0,108.356,39.168,43.763,25.425,HARD,4.0,192.0,212.0,323.0,321.0,43.614,1.1602
Azerbaijan,2023,RUS,Mercedes,16.0,107.401,38.215,43.765,25.421,HARD,5.0,195.0,213.0,325.0,320.0,43.694,1.2537
Azerbaijan,2023,RUS,Mercedes,17.0,107.396,37.978,43.923,25.495,HARD,6.0,195.0,208.0,318.0,320.0,43.798,1.3044
Azerbaijan,2023,RUS,Mercedes,18.0,107.177,38.052,43.675,25.45,HARD,7.0,194.0,211.0,325.0,320.0,43.836,1.3761
Azerbaijan,2023,RUS,Mercedes,19.0,106.563,37.762,43.417,25.384,HARD,8.0,197.0,213.0,330.0,323.0,43.904,0.6446
Azerbaijan,2023,RUS,Mercedes,20.0,106.887,37.915,43.863,25.109,HARD,9.0,196.0,207.0,344.0,325.0,43.346,0.3594
Azerbaijan,2023,RUS,Mercedes,21.0,107.577,38.414,43.844,25.319,HARD,10.0,200.0,203.0,329.0,323.0,43.749,0.404
Azerbaijan,2023,RUS,Mercedes,22.0,107.04,38.169,43.613,25.258,HARD,11.0,195.0,205.0,340.0,322.0,43.27,0.3734
Azerbaijan,2023,RUS,Mercedes,23.0,106.615,38.034,43.529,25.052,HARD,12.0,189.0,209.0,343.0,326.0,43.685,0.4081
Azerbaijan,2023,RUS,Mercedes,24.0,107.402,38.373,43.684,25.345,HARD,13.0,197.0,206.0,329.0,321.0,43.643,0.3882
Azerbaijan,2023,RUS,Mercedes,25.0,107.082,37.933,43.684,25.465,HARD,14.0,199.0,212.0,315.0,322.0,44.306,0.3703
Azerbaijan,2023,RUS,Mercedes,26.0,106.953,38.008,43.534,25.411,HARD,15.0,192.0,210.0,327.0,322.0,43.539,0.2823
Azerbaijan,2023,RUS,Mercedes,27.0,107.099,37.906,43.685,25.508,HARD,16.0,198.0,207.0,326.0,322.0,43.583,0.2846
Azerbaijan,2023,RUS,Mercedes,28.0,106.973,37.978,43.62,25.375,HARD,17.0,198.0,206.0,327.0,322.0,44.443,0.1798
Azerbaijan,2023,RUS,Mercedes,29.0,106.829,37.956,43.509,25.364,HARD,18.0,204.0,208.0,326.0,322.0,43.753,0.1094
Azerbaijan,2023,RUS,Mercedes,30.0,106.332,37.664,43.394,25.274,HARD,19.0,196.0,208.0,334.0,322.0,43.672,0.2982
Azerbaijan,2023,RUS,Mercedes,31.0,106.617,37.781,43.443,25.393,HARD,20.0,201.0,208.0,321.0,322.0,43.747,0.3034
Azerbaijan,2023,RUS,Mercedes,32.0,106.956,37.84,43.652,25.464,HARD,21.0,195.0,211.0,324.0,318.0,43.641,0.2695
Azerbaijan,2023,RUS,Mercedes,33.0,106.891,37.853,43.657,25.381,HARD,22.0,199.0,212.0,325.0,321.0,43.504,0.2539
Azerbaijan,2023,RUS,Mercedes,34.0,106.538,37.736,43.455,25.347,HARD,23.0,197.0,211.0,325.0,320.0,43.378,0.2574
Azerbaijan,2023,RUS,Mercedes,35.0,106.545,37.737,43.46,25.348,HARD,24.0,199.0,207.0,324.0,320.0,43.638,0.1992
Azerbaijan,2023,RUS,Mercedes,36.0,106.145,37.606,43.247,25.292,HARD,25.0,204.0,214.0,326.0,320.0,43.394,0.3256
Azerbaijan,2023,RUS,Mercedes,37.0,106.234,37.608,43.283,25.343,HARD,26.0,198.0,215.0,327.0,320.0,43.556,0.2953
Azerbaijan,2023,RUS,Mercedes,38.0,105.935,37.457,43.132,25.346,HARD,27.0,205.0,211.0,326.0,320.0,42.931,0.2628
Azerbaijan,2023,RUS,Mercedes,39.0,105.889,37.551,43.101,25.237,HARD,28.0,203.0,216.0,326.0,323.0,43.281,0.2634
Azerbaijan,2023,RUS,Mercedes,40.0,105.977,37.546,43.161,25.27,HARD,29.0,206.0,212.0,327.0,322.0,43.069,0.1469
Azerbaijan,2023,RUS,Mercedes,41.0,106.023,37.546,43.257,25.22,HARD,30.0,203.0,213.0,327.0,323.0,43.57,0.1339
Azerbaijan,2023,RUS,Mercedes,42.0,105.736,37.373,43.249,25.114,HARD,31.0,198.0,209.0,338.0,324.0,43.136,0.1102
Azerbaijan,2023,RUS,Mercedes,43.0,105.901,37.48,43.222,25.199,HARD,32.0,201.0,212.0,335.0,322.0,43.14,0.1095
Azerbaijan,2023,RUS,Mercedes,44.0,106.089,37.512,43.26,25.317,HARD,33.0,202.0,215.0,327.0,322.0,43.853,0.1355
Azerbaijan,2023,RUS,Mercedes,45.0,105.74,37.493,43.033,25.214,HARD,34.0,203.0,209.0,327.0,323.0,43.158,0.1607
Azerbaijan,2023,RUS,Mercedes,46.0,105.753,37.431,43.147,25.175,HARD,35.0,207.0,212.0,327.0,322.0,43.415,0.1533
Azerbaijan,2023,RUS,Mercedes,47.0,105.662,37.423,43.015,25.224,HARD,36.0,207.0,217.0,327.0,322.0,42.465,0.1691
Azerbaijan,2023,RUS,Mercedes,48.0,105.734,37.494,43.065,25.175,HARD,37.0,208.0,216.0,328.0,322.0,43.548,0.1678
Azerbaijan,2023,RUS,Mercedes,51.0,103.37,36.397,41.715,25.258,SOFT,2.0,214.0,223.0,319.0,316.0,43.095,1.0526
Azerbaijan,2023,SAI,Ferrari,2.0,107.774,38.547,43.735,25.492,MEDIUM,2.0,196.0,204.0,321.0,320.0,41.927,
Azerbaijan,2023,SAI,Ferrari,3.0,107.928,38.428,44.0,25.5,MEDIUM,3.0,209.0,202.0,324.0,321.0,41.368,
Azerbaijan,2023,SAI,Ferrari,4.0,107.898,38.277,44.063,25.558,MEDIUM,4.0,208.0,205.0,322.0,319.0,41.18,0.0816
Azerbaijan,2023,SAI,Ferrari,5.0,107.877,38.313,44.038,25.526,MEDIUM,5.0,206.0,200.0,318.0,318.0,41.895,0.0669
Azerbaijan,2023,SAI,Ferrari,6.0,107.649,38.281,43.782,25.586,MEDIUM,6.0,202.0,204.0,320.0,320.0,41.952,0.1143
Azerbaijan,2023,SAI,Ferrari,7.0,107.262,37.912,43.773,25.577,MEDIUM,7.0,202.0,208.0,323.0,320.0,41.495,0.2803
Azerbaijan,2023,SAI,Ferrari,8.0,107.591,38.159,43.785,25.647,MEDIUM,8.0,204.0,214.0,319.0,320.0,41.6,0.2583
Azerbaijan,2023,SAI,Ferrari,9.0,107.803,38.232,43.933,25.638,MEDIUM,9.0,206.0,207.0,325.0,319.0,41.721,0.2388
Azerbaijan,2023,SAI,Ferrari,10.0,107.412,38.123,43.745,25.544,MEDIUM,10.0,207.0,205.0,319.0,319.0,41.267,0.2105
Azerbaijan,2023,SAI,Ferrari,14.0,109.508,40.478,43.894,25.136,HARD,3.0,187.0,205.0,329.0,324.0,43.117,0.913
Azerbaijan,2023,SAI,Ferrari,15.0,107.279,38.574,43.498,25.207,HARD,4.0,200.0,205.0,326.0,325.0,42.019,0.91
Azerbaijan,2023,SAI,Ferrari,16.0,106.75,38.012,43.411,25.327,HARD,5.0,203.0,203.0,326.0,324.0,41.571,1.0523
Azerbaijan,2023,SAI,Ferrari,17.0,107.353,38.261,43.716,25.376,HARD,6.0,207.0,209.0,320.0,323.0,42.236,1.0658
Azerbaijan,2023,SAI,Ferrari,18.0,106.971,38.016,43.729,25.226,HARD,7.0,208.0,208.0,324.0,323.0,41.67,1.1089
Azerbaijan,2023,SAI,Ferrari,19.0,106.956,37.952,43.597,25.407,HARD,8.0,207.0,210.0,325.0,322.0,41.331,0.2493
Azerbaijan,2023,SAI,Ferrari,20.0,107.237,37.984,43.905,25.348,HARD,9.0,208.0,211.0,326.0,323.0,41.901,0.2407
Azerbaijan,2023,SAI,Ferrari,21.0,106.901,37.912,43.658,25.331,HARD,10.0,211.0,208.0,327.0,323.0,41.829,0.199
Azerbaijan,2023,SAI,Ferrari,22.0,106.918,37.858,43.622,25.438,HARD,11.0,210.0,211.0,322.0,321.0,41.636,0.1373
Azerbaijan,2023,SAI,Ferrari,23.0,107.088,38.043,43.54,25.505,HARD,12.0,208.0,208.0,319.0,320.0,41.431,0.1418
Azerbaijan,2023,SAI,Ferrari,24.0,106.56,37.721,43.496,25.343,HARD,13.0,204.0,214.0,321.0,321.0,41.343,0.2532
Azerbaijan,2023,SAI,Ferrari,25.0,106.963,38.055,43.465,25.443,HARD,14.0,212.0,212.0,318.0,321.0,41.717,0.1964
Azerbaijan,2023,SAI,Ferrari,26.0,107.292,38.228,43.577,25.487,HARD,15.0,210.0,209.0,324.0,320.0,41.789,0.2685
Azerbaijan,2023,SAI,Ferrari,27.0,106.915,37.839,43.575,25.501,HARD,16.0,213.0,211.0,317.0,319.0,41.155,0.2686
Azerbaijan,2023,SAI,Ferrari,28.0,106.689,37.866,43.335,25.488,HARD,17.0,212.0,209.0,318.0,318.0,41.277,0.2814
Azerbaijan,2023,SAI,Ferrari,29.0,106.743,37.808,43.408,25.527,HARD,18.0,218.0,212.0,319.0,318.0,41.946,0.2371
Azerbaijan,2023,SAI,Ferrari,30.0,106.619,37.787,43.289,25.543,HARD,19.0,212.0,217.0,317.0,318.0,41.175,0.2694
Azerbaijan,2023,SAI,Ferrari,31.0,106.801,37.943,43.413,25.445,HARD,20.0,221.0,214.0,319.0,319.0,41.356,0.1126
Azerbaijan,2023,SAI,Ferrari,32.0,106.545,37.768,43.267,25.51,HARD,21.0,205.0,216.0,314.0,317.0,41.089,0.1008
Azerbaijan,2023,SAI,Ferrari,33.0,106.39,37.789,43.151,25.45,HARD,22.0,212.0,217.0,318.0,317.0,40.952,0.1631
Azerbaijan,2023,SAI,Ferrari,34.0,106.289,37.703,43.19,25.396,HARD,23.0,214.0,217.0,319.0,318.0,40.93,0.1995
Azerbaijan,2023,SAI,Ferrari,35.0,106.37,37.744,43.165,25.461,HARD,24.0,206.0,218.0,317.0,318.0,41.848,0.2024
Azerbaijan,2023,SAI,Ferrari,36.0,106.318,37.8,43.105,25.413,HARD,25.0,213.0,214.0,319.0,318.0,40.891,0.0994
Azerbaijan,2023,SAI,Ferrari,37.0,106.189,37.721,43.062,25.406,HARD,26.0,216.0,216.0,316.0,318.0,41.468,0.0793
Azerbaijan,2023,SAI,Ferrari,38.0,105.804,37.484,42.859,25.461,HARD,27.0,213.0,214.0,320.0,318.0,40.922,0.2278
Azerbaijan,2023,SAI,Ferrari,39.0,106.195,37.548,43.23,25.417,HARD,28.0,215.0,216.0,321.0,319.0,40.994,0.2218
Azerbaijan,2023,SAI,Ferrari,40.0,106.527,38.008,43.093,25.426,HARD,29.0,215.0,214.0,322.0,318.0,41.094,0.2634
Azerbaijan,2023,SAI,Ferrari,41.0,106.594,37.72,43.21,25.664,HARD,30.0,213.0,216.0,308.0,316.0,41.0,0.3162
Azerbaijan,2023,SAI,Ferrari,42.0,106.002,37.587,42.945,25.47,HARD,31.0,213.0,213.0,315.0,318.0,40.866,0.3374
Azerbaijan,2023,SAI,Ferrari,43.0,105.783,37.491,42.893,25.399,HARD,32.0,213.0,216.0,321.0,318.0,41.404,0.344
Azerbaijan,2023,SAI,Ferrari,44.0,105.498,37.378,42.758,25.362,HARD,33.0,214.0,217.0,318.0,320.0,40.85,0.4736
Azerbaijan,2023,SAI,Ferrari,45.0,105.663,37.504,42.782,25.377,HARD,34.0,218.0,219.0,313.0,318.0,41.154,0.4252
Azerbaijan,2023,SAI,Ferrari,46.0,105.507,37.483,42.767,25.257,HARD,35.0,215.0,216.0,319.0,319.0,41.191,0.2104
Azerbaijan,2023,SAI,Ferrari,47.0,105.608,37.402,42.786,25.42,HARD,36.0,213.0,215.0,311.0,318.0,40.845,0.1182
Azerbaijan,2023,SAI,Ferrari,48.0,105.175,37.327,42.542,25.306,HARD,37.0,218.0,220.0,323.0,318.0,41.454,0.1894
Azerbaijan,2023,SAI,Ferrari,49.0,105.471,37.346,42.813,25.312,HARD,38.0,215.0,218.0,315.0,319.0,40.761,0.1895
Azerbaijan,2023,SAI,Ferrari,50.0,105.533,37.49,42.711,25.332,HARD,39.0,213.0,218.0,319.0,319.0,40.961,0.1664
Azerbaijan,2023,SAI,Ferrari,51.0,105.753,37.562,42.908,25.283,HARD,40.0,212.0,214.0,323.0,319.0,40.96,0.2138
Azerbaijan,2023,SAR,Williams,2.0,110.147,39.993,44.858,25.296,MEDIUM,2.0,183.0,194.0,335.0,328.0,44.595,
Azerbaijan,2023,SAR,Williams,3.0,109.098,39.314,44.462,25.322,MEDIUM,3.0,184.0,201.0,341.0,326.0,44.512,
Azerbaijan,2023,SAR,Williams,4.0,108.85,38.84,44.708,25.302,MEDIUM,4.0,187.0,198.0,346.0,326.0,44.716,0.6885
Azerbaijan,2023,SAR,Williams,5.0,108.875,39.008,44.546,25.321,MEDIUM,5.0,187.0,199.0,344.0,325.0,45.029,0.6132
Azerbaijan,2023,SAR,Williams,6.0,109.285,39.224,44.569,25.492,MEDIUM,6.0,190.0,199.0,340.0,325.0,45.108,0.5314
Azerbaijan,2023,SAR,Williams,7.0,109.731,39.297,44.795,25.639,MEDIUM,7.0,186.0,198.0,326.0,323.0,44.707,0.3614
Azerbaijan,2023,SAR,Williams,14.0,113.102,41.548,46.22,25.334,HARD,6.0,173.0,196.0,333.0,327.0,44.901,1.7881
Azerbaijan,2023,SAR,Williams,15.0,109.448,39.386,44.694,25.368,HARD,7.0,186.0,193.0,328.0,326.0,44.445,1.713
Azerbaijan,2023,SAR,Williams,16.0,108.461,38.747,44.447,25.267,HARD,8.0,195.0,205.0,333.0,326.0,44.649,1.7944
Azerbaijan,2023,SAR,Williams,17.0,108.711,38.894,44.533,25.284,HARD,9.0,191.0,201.0,334.0,326.0,45.007,1.8688
Azerbaijan,2023,SAR,Williams,18.0,107.892,38.404,44.212,25.276,HARD,10.0,192.0,197.0,333.0,326.0,44.527,2.0774
Azerbaijan,2023,SAR,Williams,19.0,108.088,38.602,44.264,25.222,HARD,11.0,192.0,201.0,346.0,328.0,44.383,0.6087
Azerbaijan,2023,SAR,Williams,20.0,108.722,38.768,44.643,25.311,HARD,12.0,186.0,202.0,333.0,328.0,44.857,0.3729
Azerbaijan,2023,SAR,Williams,21.0,108.568,38.588,44.587,25.393,HARD,13.0,190.0,198.0,329.0,326.0,44.636,0.3821
Azerbaijan,2023,SAR,Williams,22.0,108.293,38.606,44.347,25.34,HARD,14.0,191.0,194.0,331.0,327.0,44.585,0.3393
Azerbaijan,2023,SAR,Williams,23.0,108.378,38.64,44.437,25.301,HARD,15.0,190.0,199.0,332.0,327.0,44.663,0.2453
Azerbaijan,2023,SAR,Williams,24.0,108.514,38.715,44.396,25.403,HARD,16.0,186.0,197.0,330.0,325.0,44.384,0.1671
Azerbaijan,2023,SAR,Williams,25.0,108.089,38.576,44.282,25.231,HARD,17.0,193.0,201.0,332.0,326.0,44.728,0.1903
Azerbaijan,2023,SAR,Williams,26.0,107.802,38.399,44.111,25.292,HARD,18.0,187.0,205.0,330.0,326.0,43.85,0.2777
Azerbaijan,2023,SAR,Williams,27.0,108.044,38.346,44.386,25.312,HARD,19.0,189.0,200.0,329.0,326.0,44.601,0.2826
Azerbaijan,2023,SAR,Williams,28.0,108.355,38.354,44.595,25.406,HARD,20.0,183.0,196.0,329.0,325.0,44.387,0.2784
Azerbaijan,2023,SAR,Williams,29.0,108.197,38.531,44.258,25.408,HARD,21.0,190.0,196.0,329.0,325.0,44.151,0.204
Azerbaijan,2023,SAR,Williams,30.0,107.975,38.468,44.166,25.341,HARD,22.0,186.0,204.0,327.0,326.0,44.746,0.2114
Azerbaijan,2023,SAR,Williams,31.0,107.663,38.269,44.098,25.296,HARD,23.0,190.0,195.0,328.0,325.0,44.613,0.2598
Azerbaijan,2023,SAR,Williams,32.0,107.521,38.057,44.088,25.376,HARD,24.0,190.0,200.0,329.0,325.0,44.586,0.3506
Azerbaijan,2023,SAR,Williams,33.0,107.364,38.074,43.988,25.302,HARD,25.0,190.0,196.0,331.0,326.0,44.036,0.3388
Azerbaijan,2023,SAR,Williams,34.0,107.539,38.294,44.013,25.232,HARD,26.0,190.0,204.0,329.0,325.0,44.717,0.2288
Azerbaijan,2023,SAR,Williams,35.0,107.456,38.213,44.006,25.237,HARD,27.0,188.0,200.0,331.0,325.0,44.433,0.1102
Azerbaijan,2023,SAR,Williams,36.0,107.614,38.204,44.279,25.131,HARD,28.0,187.0,203.0,342.0,326.0,43.966,0.0941
Azerbaijan,2023,SAR,Williams,37.0,106.844,37.737,43.733,25.374,HARD,29.0,196.0,210.0,326.0,322.0,44.188,0.305
Azerbaijan,2023,SAR,Williams,38.0,107.161,37.918,43.78,25.463,HARD,30.0,197.0,212.0,327.0,322.0,43.767,0.3181
Azerbaijan,2023,SAR,Williams,39.0,107.323,38.053,43.907,25.363,HARD,31.0,196.0,202.0,326.0,322.0,44.252,0.2952
Azerbaijan,2023,SAR,Williams,40.0,107.725,38.602,43.648,25.475,HARD,32.0,189.0,202.0,326.0,322.0,44.157,0.3541
Azerbaijan,2023,SAR,Williams,41.0,107.2,38.088,43.752,25.36,HARD,33.0,195.0,206.0,327.0,322.0,44.014,0.3187
Azerbaijan,2023,SAR,Williams,42.0,107.378,37.905,43.716,25.757,HARD,34.0,195.0,209.0,321.0,311.0,43.943,0.2237
Azerbaijan,2023,SAR,Williams,43.0,108.649,39.16,44.21,25.279,HARD,35.0,197.0,203.0,329.0,324.0,44.823,0.5888
Azerbaijan,2023,SAR,Williams,44.0,107.047,38.0,43.729,25.318,HARD,36.0,199.0,211.0,328.0,324.0,44.177,0.6386
Azerbaijan,2023,SAR,Williams,45.0,106.97,37.945,43.627,25.398,HARD,37.0,205.0,204.0,327.0,323.0,43.973,0.6889
Azerbaijan,2023,SAR,Williams,46.0,106.819,37.763,43.716,25.34,HARD,38.0,202.0,206.0,327.0,322.0,43.968,0.7423
Azerbaijan,2023,SAR,Williams,47.0,106.641,37.616,43.614,25.411,HARD,39.0,204.0,210.0,329.0,322.0,43.783,0.8109
Azerbaijan,2023,SAR,Williams,48.0,106.754,37.895,43.55,25.309,HARD,40.0,206.0,206.0,328.0,323.0,43.593,0.1636
Azerbaijan,2023,SAR,Williams,49.0,106.501,37.521,43.622,25.358,HARD,41.0,207.0,208.0,328.0,323.0,44.098,0.1776
Azerbaijan,2023,SAR,Williams,50.0,106.507,37.654,43.532,25.321,HARD,42.0,200.0,200.0,327.0,323.0,43.722,0.1431
Azerbaijan,2023,SAR,Williams,51.0,106.638,37.527,43.665,25.446,HARD,43.0,205.0,203.0,329.0,325.0,43.877,0.106
Azerbaijan,2023,STR,Aston Martin,2.0,108.409,38.928,44.052,25.429,MEDIUM,2.0,193.0,203.0,329.0,323.0,43.685,
Azerbaijan,2023,STR,Aston Martin,3.0,107.753,38.381,43.99,25.382,MEDIUM,3.0,192.0,206.0,336.0,323.0,42.868,
Azerbaijan,2023,STR,Aston Martin,4.0,107.914,38.317,44.29,25.307,MEDIUM,4.0,194.0,203.0,340.0,323.0,43.574,0.3419
Azerbaijan,2023,STR,Aston Martin,5.0,107.689,38.316,44.104,25.269,MEDIUM,5.0,188.0,211.0,340.0,324.0,43.349,0.3259
Azerbaijan,2023,STR,Aston Martin,6.0,108.268,38.411,44.488,25.369,MEDIUM,6.0,194.0,203.0,341.0,323.0,43.588,0.3178
Azerbaijan,2023,STR,Aston Martin,7.0,108.173,38.558,44.213,25.402,MEDIUM,7.0,192.0,207.0,340.0,324.0,43.164,0.2543
Azerbaijan,2023,STR,Aston Martin,8.0,107.944,38.464,43.928,25.552,MEDIUM,8.0,194.0,200.0,322.0,322.0,43.193,0.2286
Azerbaijan,2023,STR,Aston Martin,9.0,108.023,38.614,44.076,25.333,MEDIUM,9.0,192.0,207.0,341.0,324.0,43.695,0.2238
Azerbaijan,2023,STR,Aston Martin,10.0,107.893,38.405,43.932,25.556,MEDIUM,10.0,190.0,205.0,323.0,322.0,43.052,0.1571
Azerbaijan,2023,STR,Aston Martin,14.0,109.323,39.978,44.018,25.327,HARD,6.0,187.0,202.0,331.0,324.0,43.257,0.5974
Azerbaijan,2023,STR,Aston Martin,15.0,107.521,38.524,43.682,25.315,HARD,7.0,190.0,210.0,330.0,324.0,42.759,0.6884
Azerbaijan,2023,STR,Aston Martin,16.0,107.078,37.897,43.751,25.43,HARD,8.0,198.0,210.0,329.0,324.0,42.585,0.8421
Azerbaijan,2023,STR,Aston Martin,17.0,107.051,37.987,43.737,25.327,HARD,9.0,200.0,208.0,331.0,325.0,43.003,0.9334
Azerbaijan,2023,STR,Aston Martin,18.0,106.835,37.863,43.792,25.18,HARD,10.0,195.0,209.0,340.0,325.0,43.008,1.0157
Azerbaijan,2023,STR,Aston Martin,19.0,108.008,37.867,43.829,26.312,HARD,11.0,202.0,213.0,328.0,323.0,43.024,0.4684
Azerbaijan,2023,STR,Aston Martin,20.0,107.875,38.515,43.825,25.535,HARD,12.0,193.0,212.0,329.0,324.0,43.146,0.5328
Azerbaijan,2023,STR,Aston Martin,21.0,107.164,38.106,43.665,25.393,HARD,13.0,199.0,211.0,323.0,325.0,42.822,0.5223
Azerbaijan,2023,STR,Aston Martin,22.0,106.998,38.033,43.524,25.441,HARD,14.0,201.0,209.0,328.0,323.0,43.091,0.5313
Azerbaijan,2023,STR,Aston Martin,23.0,107.104,38.072,43.607,25.425,HARD,15.0,193.0,208.0,328.0,323.0,42.87,0.4732
Azerbaijan,2023,STR,Aston Martin,24.0,106.763,37.952,43.441,25.37,HARD,16.0,199.0,213.0,324.0,323.0,42.283,0.4172
Azerbaijan,2023,STR,Aston Martin,25.0,106.722,37.904,43.369,25.449,HARD,17.0,197.0,213.0,325.0,324.0,42.858,0.1992
Azerbaijan,2023,STR,Aston Martin,26.0,107.103,37.974,43.769,25.36,HARD,18.0,199.0,200.0,331.0,324.0,43.115,0.1842
Azerbaijan,2023,STR,Aston Martin,27.0,106.941,37.936,43.658,25.347,HARD,19.0,197.0,209.0,326.0,324.0,43.348,0.1813
Azerbaijan,2023,STR,Aston Martin,28.0,107.139,37.975,43.722,25.442,HARD,20.0,198.0,209.0,326.0,323.0,42.981,0.1903
Azerbaijan,2023,STR,Aston Martin,29.0,106.819,37.917,43.484,25.418,HARD,21.0,198.0,207.0,327.0,323.0,42.581,0.179
Azerbaijan,2023,STR,Aston Martin,30.0,106.576,37.763,43.408,25.405,HARD,22.0,201.0,207.0,328.0,323.0,43.356,0.2293
Azerbaijan,2023,STR,Aston Martin,31.0,106.395,37.674,43.356,25.365,HARD,23.0,199.0,212.0,328.0,324.0,42.801,0.2941
Azerbaijan,2023,STR,Aston Martin,32.0,106.447,37.691,43.462,25.294,HARD,24.0,202.0,211.0,329.0,323.0,42.244,0.3067
Azerbaijan,2023,STR,Aston Martin,33.0,106.536,37.716,43.482,25.338,HARD,25.0,202.0,209.0,328.0,323.0,42.922,0.1641
Azerbaijan,2023,STR,Aston Martin,34.0,106.528,37.729,43.445,25.354,HARD,26.0,203.0,216.0,326.0,323.0,42.696,0.0735
Azerbaijan,2023,STR,Aston Martin,35.0,106.577,37.668,43.433,25.476,HARD,27.0,210.0,220.0,326.0,322.0,42.732,0.0738
Azerbaijan,2023,STR,Aston Martin,36.0,106.356,37.6,43.395,25.361,HARD,28.0,204.0,212.0,327.0,321.0,42.825,0.0879
Azerbaijan,2023,STR,Aston Martin,37.0,106.295,37.583,43.324,25.388,HARD,29.0,201.0,215.0,328.0,322.0,42.142,0.1246
Azerbaijan,2023,STR,Aston Martin,38.0,106.212,37.637,43.172,25.403,HARD,30.0,208.0,214.0,326.0,321.0,42.513,0.1548
Azerbaijan,2023,STR,Aston Martin,39.0,105.972,37.547,43.084,25.341,HARD,31.0,209.0,215.0,327.0,322.0,42.102,0.22
Azerbaijan,2023,STR,Aston Martin,40.0,106.203,37.633,43.191,25.379,HARD,32.0,206.0,213.0,327.0,321.0,43.006,0.146
Azerbaijan,2023,STR,Aston Martin,41.0,106.097,37.533,43.231,25.333,HARD,33.0,207.0,214.0,326.0,323.0,42.742,0.1245
Azerbaijan,2023,STR,Aston Martin,42.0,105.885,37.461,43.059,25.365,HARD,34.0,203.0,216.0,329.0,324.0,42.522,0.1435
Azerbaijan,2023,STR,Aston Martin,43.0,105.957,37.603,43.1,25.254,HARD,35.0,198.0,219.0,329.0,323.0,41.779,0.1264
Azerbaijan,2023,STR,Aston Martin,44.0,105.856,37.464,43.086,25.306,HARD,36.0,205.0,220.0,329.0,323.0,42.559,0.147
Azerbaijan,2023,STR,Aston Martin,45.0,105.627,37.367,42.998,25.262,HARD,37.0,209.0,216.0,325.0,323.0,41.964,0.1714
Azerbaijan,2023,STR,Aston Martin,46.0,105.715,37.421,43.089,25.205,HARD,38.0,213.0,217.0,328.0,323.0,42.127,0.134
Azerbaijan,2023,STR,Aston Martin,47.0,105.814,37.345,43.107,25.362,HARD,39.0,212.0,218.0,325.0,323.0,42.345,0.1274
Azerbaijan,2023,STR,Aston Martin,48.0,105.779,37.36,43.066,25.353,HARD,40.0,213.0,220.0,327.0,322.0,42.429,0.0897
Azerbaijan,2023,STR,Aston Martin,49.0,105.886,37.36,43.172,25.354,HARD,41.0,211.0,212.0,326.0,322.0,42.354,0.0985
Azerbaijan,2023,STR,Aston Martin,50.0,106.278,37.599,43.388,25.291,HARD,42.0,206.0,214.0,325.0,322.0,41.991,0.2232
Azerbaijan,2023,STR,Aston Martin,51.0,106.58,37.894,43.391,25.295,HARD,43.0,205.0,210.0,323.0,323.0,43.277,0.3491
Azerbaijan,2023,TSU,AlphaTauri,2.0,109.181,39.399,44.192,25.59,MEDIUM,2.0,193.0,207.0,321.0,321.0,43.544,
Azerbaijan,2023,TSU,AlphaTauri,3.0,108.529,38.982,43.852,25.695,MEDIUM,3.0,192.0,211.0,321.0,320.0,43.78,
Azerbaijan,2023,TSU,AlphaTauri,4.0,108.477,38.939,43.898,25.64,MEDIUM,4.0,198.0,205.0,321.0,318.0,42.899,0.3923
Azerbaijan,2023,TSU,AlphaTauri,5.0,108.599,38.991,43.931,25.677,MEDIUM,5.0,193.0,208.0,319.0,317.0,43.362,0.3268
Azerbaijan,2023,TSU,AlphaTauri,6.0,108.228,38.713,43.861,25.654,MEDIUM,6.0,202.0,211.0,321.0,320.0,43.315,0.3522
Azerbaijan,2023,TSU,AlphaTauri,7.0,108.26,38.622,43.957,25.681,MEDIUM,7.0,202.0,209.0,320.0,319.0,43.112,0.1655
Azerbaijan,2023,TSU,AlphaTauri,14.0,112.225,41.907,44.863,25.455,HARD,6.0,189.0,200.0,323.0,321.0,43.981,1.7215
Azerbaijan,2023,TSU,AlphaTauri,15.0,108.521,38.942,44.09,25.489,HARD,7.0,197.0,204.0,322.0,322.0,43.893,1.7172
Azerbaijan,2023,TSU,AlphaTauri,16.0,107.868,38.532,44.058,25.278,HARD,8.0,195.0,208.0,342.0,322.0,43.767,1.8064
Azerbaijan,2023,TSU,AlphaTauri,17.0,107.609,38.414,43.94,25.255,HARD,9.0,194.0,215.0,343.0,323.0,44.084,1.8934
Azerbaijan,2023,TSU,AlphaTauri,18.0,107.69,38.525,43.856,25.309,HARD,10.0,201.0,210.0,339.0,322.0,44.064,1.9574
Azerbaijan,2023,TSU,AlphaTauri,19.0,107.556,38.301,43.943,25.312,HARD,11.0,205.0,207.0,342.0,323.0,43.594,0.3939
Azerbaijan,2023,TSU,AlphaTauri,20.0,108.021,38.244,44.164,25.613,HARD,12.0,199.0,207.0,327.0,322.0,44.229,0.1927
Azerbaijan,2023,TSU,AlphaTauri,21.0,107.818,38.254,44.056,25.508,HARD,13.0,200.0,208.0,324.0,323.0,43.708,0.1861
Azerbaijan,2023,TSU,AlphaTauri,22.0,107.642,38.403,43.832,25.407,HARD,14.0,199.0,207.0,326.0,324.0,43.783,0.1809
Azerbaijan,2023,TSU,AlphaTauri,23.0,108.041,38.536,44.278,25.227,HARD,15.0,200.0,203.0,345.0,325.0,43.921,0.2182
Azerbaijan,2023,TSU,AlphaTauri,24.0,108.199,38.596,44.358,25.245,HARD,16.0,201.0,203.0,347.0,323.0,43.58,0.2165
Azerbaijan,2023,TSU,AlphaTauri,25.0,107.9,38.41,44.238,25.252,HARD,17.0,203.0,204.0,344.0,323.0,44.712,0.2125
Azerbaijan,2023,TSU,AlphaTauri,26.0,107.696,38.451,44.054,25.191,HARD,18.0,197.0,210.0,345.0,325.0,43.699,0.2331
Azerbaijan,2023,TSU,AlphaTauri,27.0,108.205,38.341,44.56,25.304,HARD,19.0,197.0,201.0,342.0,325.0,42.92,0.2153
Azerbaijan,2023,TSU,AlphaTauri,28.0,107.902,38.529,44.125,25.248,HARD,20.0,202.0,203.0,341.0,324.0,43.71,0.2189
Azerbaijan,2023,TSU,AlphaTauri,29.0,107.667,38.542,43.837,25.288,HARD,21.0,197.0,208.0,342.0,324.0,43.624,0.2154
Azerbaijan,2023,TSU,AlphaTauri,30.0,107.334,38.085,43.958,25.291,HARD,22.0,198.0,202.0,343.0,323.0,43.812,0.3211
Azerbaijan,2023,TSU,AlphaTauri,31.0,107.308,38.133,43.953,25.222,HARD,23.0,200.0,204.0,343.0,323.0,43.865,0.3818
Azerbaijan,2023,TSU,AlphaTauri,32.0,107.355,38.144,43.866,25.345,HARD,24.0,207.0,208.0,342.0,321.0,43.945,0.2618
Azerbaijan,2023,TSU,AlphaTauri,33.0,107.219,38.054,43.943,25.222,HARD,25.0,200.0,209.0,343.0,323.0,43.677,0.1704
Azerbaijan,2023,TSU,AlphaTauri,34.0,106.922,37.991,43.794,25.137,HARD,26.0,203.0,209.0,346.0,323.0,43.091,0.1785
Azerbaijan,2023,TSU,AlphaTauri,35.0,106.861,37.949,43.755,25.157,HARD,27.0,201.0,209.0,343.0,323.0,43.733,0.2268
Azerbaijan,2023,TSU,AlphaTauri,36.0,107.261,38.081,43.942,25.238,HARD,28.0,202.0,211.0,345.0,323.0,43.773,0.2186
Azerbaijan,2023,TSU,AlphaTauri,37.0,107.14,38.012,43.882,25.246,HARD,29.0,202.0,205.0,343.0,322.0,43.787,0.1793
Azerbaijan,2023,TSU,AlphaTauri,38.0,106.692,37.807,43.568,25.317,HARD,30.0,211.0,206.0,344.0,322.0,43.211,0.2263
Azerbaijan,2023,TSU,AlphaTauri,39.0,106.854,37.864,43.782,25.208,HARD,31.0,209.0,204.0,343.0,323.0,43.391,0.2323
Azerbaijan,2023,TSU,AlphaTauri,40.0,106.877,37.823,43.794,25.26,HARD,32.0,206.0,214.0,343.0,323.0,43.365,0.2307
Azerbaijan,2023,TSU,AlphaTauri,41.0,106.741,37.842,43.698,25.201,HARD,33.0,204.0,212.0,343.0,323.0,43.622,0.174
Azerbaijan,2023,TSU,AlphaTauri,42.0,106.765,38.008,43.539,25.218,HARD,34.0,206.0,219.0,344.0,323.0,43.483,0.0778
Azerbaijan,2023,TSU,AlphaTauri,43.0,107.011,37.938,43.826,25.247,HARD,35.0,204.0,212.0,342.0,324.0,44.062,0.107
Azerbaijan,2023,TSU,AlphaTauri,44.0,107.237,38.186,43.78,25.271,HARD,36.0,206.0,208.0,343.0,322.0,43.359,0.204
Azerbaijan,2023,TSU,AlphaTauri,45.0,108.611,37.918,45.406,25.287,HARD,37.0,204.0,207.0,346.0,325.0,44.151,0.7748
Azerbaijan,2023,TSU,AlphaTauri,46.0,107.293,38.777,43.561,24.955,HARD,38.0,206.0,211.0,341.0,329.0,43.971,0.7172
Azerbaijan,2023,TSU,AlphaTauri,47.0,106.643,37.969,43.188,25.486,HARD,39.0,206.0,222.0,312.0,319.0,43.547,0.7451
Azerbaijan,2023,TSU,AlphaTauri,48.0,106.479,38.109,42.895,25.475,HARD,40.0,209.0,219.0,321.0,318.0,43.528,0.8392
Azerbaijan,2023,TSU,AlphaTauri,49.0,106.205,37.783,43.02,25.402,HARD,41.0,206.0,217.0,323.0,319.0,43.004,0.962
Azerbaijan,2023,TSU,AlphaTauri,50.0,106.141,37.901,42.852,25.388,HARD,42.0,211.0,226.0,324.0,320.0,42.82,0.4615
Azerbaijan,2023,TSU,AlphaTauri,51.0,105.727,37.576,42.721,25.43,HARD,43.0,213.0,225.0,322.0,320.0,42.632,0.3513
Azerbaijan,2023,VER,Red Bull Racing,2.0,107.707,38.431,43.642,25.634,MEDIUM,2.0,194.0,212.0,318.0,322.0,44.472,
Azerbaijan,2023,VER,Red Bull Racing,3.0,107.677,38.493,43.718,25.466,MEDIUM,3.0,196.0,203.0,342.0,322.0,44.582,
Azerbaijan,2023,VER,Red Bull Racing,4.0,107.108,37.933,43.372,25.803,MEDIUM,4.0,197.0,209.0,311.0,316.0,44.346,0.3375
Azerbaijan,2023,VER,Red Bull Racing,5.0,107.476,38.284,43.414,25.778,MEDIUM,5.0,203.0,203.0,311.0,316.0,44.709,0.2758
Azerbaijan,2023,VER,Red Bull Racing,6.0,107.202,38.262,43.24,25.7,MEDIUM,6.0,201.0,209.0,313.0,317.0,44.62,0.2718
Azerbaijan,2023,VER,Red Bull Racing,7.0,106.995,38.268,43.032,25.695,MEDIUM,7.0,206.0,212.0,314.0,317.0,43.77,0.2794
Azerbaijan,2023,VER,Red Bull Racing,8.0,106.801,38.038,43.034,25.729,MEDIUM,8.0,206.0,217.0,314.0,316.0,43.722,0.2505
Azerbaijan,2023,VER,Red Bull Racing,9.0,106.944,37.979,43.119,25.846,MEDIUM,9.0,206.0,220.0,314.0,317.0,43.63,0.2623
Azerbaijan,2023,VER,Red Bull Racing,14.0,106.936,38.813,42.577,25.546,HARD,4.0,200.0,215.0,314.0,319.0,44.408,0.1455
Azerbaijan,2023,VER,Red Bull Racing,15.0,105.687,37.68,42.565,25.442,HARD,5.0,199.0,218.0,318.0,321.0,44.355,0.5556
Azerbaijan,2023,VER,Red Bull Racing,16.0,105.497,37.64,42.482,25.375,HARD,6.0,208.0,223.0,318.0,322.0,44.127,0.7184
Azerbaijan,2023,VER,Red Bull Racing,17.0,105.498,37.613,42.512,25.373,HARD,7.0,205.0,218.0,319.0,321.0,44.415,0.7594
Azerbaijan,2023,VER,Red Bull Racing,18.0,105.425,37.403,42.605,25.417,HARD,8.0,204.0,223.0,324.0,321.0,44.068,0.6377
Azerbaijan,2023,VER,Red Bull Racing,19.0,105.66,37.513,42.638,25.509,HARD,9.0,204.0,216.0,317.0,322.0,43.953,0.114
Azerbaijan,2023,VER,Red Bull Racing,20.0,105.446,37.256,42.789,25.401,HARD,10.0,203.0,213.0,320.0,323.0,44.075,0.0922
Azerbaijan,2023,VER,Red Bull Racing,21.0,105.793,37.631,42.759,25.403,HARD,11.0,204.0,218.0,319.0,323.0,44.233,0.1575
Azerbaijan,2023,VER,Red Bull Racing,22.0,105.67,37.564,42.666,25.44,HARD,12.0,203.0,221.0,319.0,323.0,44.233,0.1582
Azerbaijan,2023,VER,Red Bull Racing,23.0,105.902,37.754,42.708,25.44,HARD,13.0,205.0,221.0,319.0,322.0,43.51,0.1705
Azerbaijan,2023,VER,Red Bull Racing,24.0,105.738,37.626,42.742,25.37,HARD,14.0,209.0,217.0,319.0,322.0,44.024,0.1702
Azerbaijan,2023,VER,Red Bull Racing,25.0,105.657,37.575,42.763,25.319,HARD,15.0,207.0,217.0,319.0,322.0,43.874,0.1002
Azerbaijan,2023,VER,Red Bull Racing,26.0,105.855,37.711,42.747,25.397,HARD,16.0,206.0,217.0,319.0,322.0,43.833,0.1099
Azerbaijan,2023,VER,Red Bull Racing,27.0,105.625,37.442,42.683,25.5,HARD,17.0,205.0,224.0,317.0,321.0,43.697,0.1208
Azerbaijan,2023,VER,Red Bull Racing,28.0,105.694,37.53,42.713,25.451,HARD,18.0,202.0,222.0,317.0,322.0,44.18,0.0895
Azerbaijan,2023,VER,Red Bull Racing,29.0,106.365,38.141,42.744,25.48,HARD,19.0,210.0,220.0,316.0,321.0,44.348,0.307
Azerbaijan,2023,VER,Red Bull Racing,30.0,105.575,37.441,42.741,25.393,HARD,20.0,213.0,219.0,317.0,321.0,44.35,0.321
Azerbaijan,2023,VER,Red Bull Racing,31.0,105.348,37.375,42.564,25.409,HARD,21.0,210.0,218.0,317.0,322.0,44.194,0.3825
Azerbaijan,2023,VER,Red Bull Racing,32.0,105.354,37.271,42.663,25.42,HARD,22.0,214.0,217.0,318.0,322.0,43.426,0.4172
Azerbaijan,2023,VER,Red Bull Racing,33.0,105.343,37.317,42.665,25.361,HARD,23.0,215.0,216.0,318.0,321.0,43.801,0.4404
Azerbaijan,2023,VER,Red Bull Racing,34.0,105.218,37.239,42.604,25.375,HARD,24.0,212.0,224.0,319.0,321.0,43.558,0.129
Azerbaijan,2023,VER,Red Bull Racing,35.0,105.121,37.267,42.536,25.318,HARD,25.0,208.0,225.0,317.0,320.0,44.109,0.1039
Azerbaijan,2023,VER,Red Bull Racing,36.0,105.05,37.268,42.503,25.279,HARD,26.0,208.0,224.0,320.0,322.0,43.282,0.1339
Azerbaijan,2023,VER,Red Bull Racing,37.0,105.319,37.181,42.761,25.377,HARD,27.0,217.0,222.0,320.0,322.0,43.364,0.1257
Azerbaijan,2023,VER,Red Bull Racing,38.0,105.474,37.39,42.774,25.31,HARD,28.0,213.0,224.0,320.0,322.0,44.009,0.1671
Azerbaijan,2023,VER,Red Bull Racing,39.0,105.15,37.354,42.465,25.331,HARD,29.0,215.0,221.0,318.0,322.0,43.401,0.1717
Azerbaijan,2023,VER,Red Bull Racing,40.0,105.418,37.359,42.732,25.327,HARD,30.0,219.0,223.0,318.0,322.0,43.411,0.1789
Azerbaijan,2023,VER,Red Bull Racing,41.0,105.123,37.209,42.62,25.294,HARD,31.0,217.0,221.0,317.0,322.0,43.251,0.1568
Azerbaijan,2023,VER,Red Bull Racing,42.0,105.15,37.147,42.711,25.292,HARD,32.0,217.0,219.0,320.0,322.0,43.19,0.1686
Azerbaijan,2023,VER,Red Bull Racing,43.0,104.843,37.179,42.645,25.019,HARD,33.0,220.0,217.0,347.0,325.0,43.443,0.2037
Azerbaijan,2023,VER,Red Bull Racing,44.0,105.275,37.113,42.833,25.329,HARD,34.0,212.0,222.0,317.0,323.0,43.478,0.2131
Azerbaijan,2023,VER,Red Bull Racing,45.0,105.14,37.183,42.639,25.318,HARD,35.0,217.0,224.0,318.0,322.0,43.567,0.159
Azerbaijan,2023,VER,Red Bull Racing,46.0,104.686,37.027,42.452,25.207,HARD,36.0,221.0,226.0,319.0,323.0,43.642,0.2445
Azerbaijan,2023,VER,Red Bull Racing,47.0,104.734,37.061,42.383,25.29,HARD,37.0,220.0,226.0,318.0,323.0,42.99,0.2591
Azerbaijan,2023,VER,Red Bull Racing,48.0,104.566,36.952,42.395,25.219,HARD,38.0,220.0,218.0,320.0,322.0,43.374,0.3087
Azerbaijan,2023,VER,Red Bull Racing,49.0,104.474,36.991,42.287,25.196,HARD,39.0,217.0,223.0,319.0,323.0,42.794,0.2559
Azerbaijan,2023,VER,Red Bull Racing,50.0,104.554,37.042,42.353,25.159,HARD,40.0,220.0,226.0,328.0,323.0,43.188,0.1054
Azerbaijan,2023,VER,Red Bull Racing,51.0,104.232,36.807,42.294,25.131,HARD,41.0,219.0,229.0,329.0,325.0,42.984,0.1829
Azerbaijan,2023,ZHO,Alfa Romeo,2.0,110.144,39.633,44.995,25.516,MEDIUM,2.0,190.0,192.0,326.0,321.0,44.515,
Azerbaijan,2023,ZHO,Alfa Romeo,3.0,109.313,39.2,44.665,25.448,MEDIUM,3.0,182.0,201.0,336.0,321.0,43.89,
Azerbaijan,2023,ZHO,Alfa Romeo,4.0,109.096,38.783,44.646,25.667,MEDIUM,4.0,184.0,196.0,323.0,319.0,43.94,0.5532
Azerbaijan,2023,ZHO,Alfa Romeo,5.0,109.152,38.887,44.671,25.594,MEDIUM,5.0,193.0,196.0,325.0,318.0,43.44,0.4873
Azerbaijan,2023,ZHO,Alfa Romeo,6.0,109.307,38.926,44.667,25.714,MEDIUM,6.0,197.0,209.0,325.0,318.0,43.332,0.4253
Azerbaijan,2023,ZHO,Alfa Romeo,7.0,109.112,38.848,44.619,25.645,MEDIUM,7.0,190.0,204.0,323.0,319.0,43.37,0.1061
Azerbaijan,2023,ZHO,Alfa Romeo,8.0,109.251,38.963,44.58,25.708,MEDIUM,8.0,179.0,196.0,320.0,318.0,43.066,0.0916
Azerbaijan,2023,ZHO,Alfa Romeo,9.0,109.363,39.112,44.375,25.876,MEDIUM,9.0,199.0,207.0,322.0,316.0,43.349,0.1047
Azerbaijan,2023,ZHO,Alfa Romeo,14.0,114.037,42.792,45.93,25.315,HARD,3.0,182.0,189.0,330.0,324.0,44.9,2.1392
Azerbaijan,2023,ZHO,Alfa Romeo,15.0,109.022,39.242,44.448,25.332,HARD,4.0,181.0,196.0,329.0,323.0,43.951,2.1729
Azerbaijan,2023,ZHO,Alfa Romeo,16.0,108.274,38.554,44.424,25.296,HARD,5.0,186.0,203.0,344.0,322.0,44.45,2.3021
Azerbaijan,2023,ZHO,Alfa Romeo,17.0,108.444,39.091,44.031,25.322,HARD,6.0,195.0,204.0,329.0,321.0,43.85,2.3933
Azerbaijan,2023,ZHO,Alfa Romeo,18.0,107.83,38.432,44.013,25.385,HARD,7.0,195.0,209.0,329.0,321.0,43.593,2.5602
Azerbaijan,2023,ZHO,Alfa Romeo,19.0,109.47,39.646,44.339,25.485,HARD,8.0,184.0,205.0,320.0,322.0,43.461,0.6439
Azerbaijan,2023,ZHO,Alfa Romeo,20.0,108.394,38.69,44.097,25.607,HARD,9.0,193.0,207.0,318.0,321.0,43.252,0.6028
Azerbaijan,2023,ZHO,Alfa Romeo,21.0,108.28,38.687,44.013,25.58,HARD,10.0,199.0,206.0,316.0,320.0,43.268,0.6023
Azerbaijan,2023,ZHO,Alfa Romeo,22.0,108.371,38.616,44.182,25.573,HARD,11.0,205.0,203.0,319.0,320.0,43.277,0.6044
Azerbaijan,2023,ZHO,Alfa Romeo,23.0,108.602,38.71,44.313,25.579,HARD,12.0,203.0,194.0,319.0,320.0,43.132,0.4877
Azerbaijan,2023,ZHO,Alfa Romeo,24.0,108.374,38.577,44.142,25.655,HARD,13.0,197.0,208.0,319.0,318.0,43.152,0.119
Azerbaijan,2023,ZHO,Alfa Romeo,25.0,108.105,38.573,44.003,25.529,HARD,14.0,191.0,199.0,317.0,318.0,43.343,0.1798
Azerbaijan,2023,ZHO,Alfa Romeo,26.0,107.952,38.398,44.015,25.539,HARD,15.0,196.0,208.0,319.0,318.0,42.478,0.2545
Azerbaijan,2023,ZHO,Alfa Romeo,27.0,108.066,38.505,44.024,25.537,HARD,16.0,201.0,206.0,318.0,318.0,42.852,0.2638
Azerbaijan,2023,ZHO,Alfa Romeo,28.0,108.055,38.363,44.077,25.615,HARD,17.0,195.0,209.0,317.0,318.0,43.316,0.1578
Azerbaijan,2023,ZHO,Alfa Romeo,29.0,107.934,38.366,43.937,25.631,HARD,18.0,195.0,205.0,318.0,318.0,42.815,0.0751
Azerbaijan,2023,ZHO,Alfa Romeo,30.0,108.071,38.436,44.055,25.58,HARD,19.0,201.0,206.0,314.0,319.0,42.985,0.0668
Azerbaijan,2023,ZHO,Alfa Romeo,31.0,107.553,38.294,43.719,25.54,HARD,20.0,201.0,210.0,317.0,317.0,42.581,0.2213
Azerbaijan,2023,ZHO,Alfa Romeo,32.0,107.617,38.297,43.716,25.604,HARD,21.0,211.0,214.0,317.0,318.0,42.68,0.2451
Azerbaijan,2023,ZHO,Alfa Romeo,33.0,107.662,38.248,43.903,25.511,HARD,22.0,198.0,210.0,316.0,318.0,43.312,0.2234
Azerbaijan,2023,ZHO,Alfa Romeo,34.0,107.627,38.303,43.826,25.498,HARD,23.0,202.0,205.0,319.0,316.0,42.404,0.2078
Azerbaijan,2023,ZHO,Alfa Romeo,35.0,107.587,38.195,43.87,25.522,HARD,24.0,204.0,210.0,318.0,317.0,42.64,0.0413
