Race,Season,Driver,Team,LapNumber,LapTime_s,Compound,TyreLife,Stint,PitInTime_s,PitOutTime_s,Position,TrackStatus,FuelLoad_kg,FuelCorrection_s,IsAccurate,DegRate_s_lap,TotalLaps,LapsRemaining,SafetyCar,RedFlag,IsPitLap
Italian,2023,VER,Red Bull Racing,1.0,87.905,MEDIUM,1.0,1.0,,,2.0,1,108.4,3.252,False,0.0936,51.0,50.0,0,0,0
Italian,2023,VER,Red Bull Racing,2.0,86.163,MEDIUM,2.0,1.0,,,2.0,1,106.8,3.204,True,0.0936,51.0,49.0,0,0,0
Italian,2023,VER,Red Bull Racing,3.0,85.702,MEDIUM,3.0,1.0,,,2.0,1,105.2,3.156,True,0.0936,51.0,48.0,0,0,0
Italian,2023,VER,Red Bull Racing,4.0,86.05,MEDIUM,4.0,1.0,,,2.0,1,103.6,3.108,True,0.0936,51.0,47.0,0,0,0
Italian,2023,VER,Red Bull Racing,5.0,86.176,MEDIUM,5.0,1.0,,,2.0,1,102.0,3.06,True,0.0936,51.0,46.0,0,0,0
Italian,2023,VER,Red Bull Racing,6.0,86.837,MEDIUM,6.0,1.0,,,2.0,1,100.4,3.012,True,0.0936,51.0,45.0,0,0,0
Italian,2023,VER,Red Bull Racing,7.0,86.368,MEDIUM,7.0,1.0,,,2.0,1,98.8,2.964,True,0.0936,51.0,44.0,0,0,0
Italian,2023,VER,Red Bull Racing,8.0,85.99,MEDIUM,8.0,1.0,,,2.0,1,97.2,2.916,True,0.0936,51.0,43.0,0,0,0
Italian,2023,VER,Red Bull Racing,9.0,86.605,MEDIUM,9.0,1.0,,,2.0,1,95.6,2.868,True,0.0936,51.0,42.0,0,0,0
Italian,2023,VER,Red Bull Racing,10.0,86.603,MEDIUM,10.0,1.0,,,2.0,1,94.0,2.82,True,0.0936,51.0,41.0,0,0,0
Italian,2023,VER,Red Bull Racing,11.0,86.643,MEDIUM,11.0,1.0,,,2.0,1,92.4,2.772,True,0.0936,51.0,40.0,0,0,0
Italian,2023,VER,Red Bull Racing,12.0,86.442,MEDIUM,12.0,1.0,,,2.0,1,90.8,2.724,True,0.0936,51.0,39.0,0,0,0
Italian,2023,VER,Red Bull Racing,13.0,86.666,MEDIUM,13.0,1.0,,,2.0,1,89.2,2.676,True,0.0936,51.0,38.0,0,0,0
Italian,2023,VER,Red Bull Racing,14.0,87.028,MEDIUM,14.0,1.0,,,2.0,1,87.6,2.628,True,0.0936,51.0,37.0,0,0,0
Italian,2023,VER,Red Bull Racing,15.0,86.782,MEDIUM,15.0,1.0,,,1.0,1,86.0,2.58,True,0.0936,51.0,36.0,0,0,0
Italian,2023,VER,Red Bull Racing,16.0,86.718,MEDIUM,16.0,1.0,,,1.0,1,84.4,2.532,True,0.0936,51.0,35.0,0,0,0
Italian,2023,VER,Red Bull Racing,17.0,86.733,MEDIUM,17.0,1.0,,,1.0,1,82.8,2.484,True,0.0936,51.0,34.0,0,0,0
Italian,2023,VER,Red Bull Racing,18.0,86.273,MEDIUM,18.0,1.0,,,1.0,1,81.2,2.436,True,0.0936,51.0,33.0,0,0,0
Italian,2023,VER,Red Bull Racing,19.0,86.438,MEDIUM,19.0,1.0,,,1.0,1,79.6,2.388,True,0.0936,51.0,32.0,0,0,0
Italian,2023,VER,Red Bull Racing,20.0,90.849,MEDIUM,20.0,1.0,6673.003,,1.0,1,78.0,2.34,False,0.0936,51.0,31.0,0,0,1
Italian,2023,VER,Red Bull Racing,21.0,105.66,HARD,1.0,2.0,,6697.284,5.0,1,76.4,2.292,False,-0.1362,51.0,30.0,0,0,0
Italian,2023,VER,Red Bull Racing,22.0,85.885,HARD,2.0,2.0,,,3.0,1,74.8,2.244,True,-0.1362,51.0,29.0,0,0,0
Italian,2023,VER,Red Bull Racing,23.0,86.159,HARD,3.0,2.0,,,2.0,1,73.2,2.196,True,-0.1362,51.0,28.0,0,0,0
Italian,2023,VER,Red Bull Racing,24.0,86.327,HARD,4.0,2.0,,,2.0,1,71.6,2.148,True,-0.1362,51.0,27.0,0,0,0
Italian,2023,VER,Red Bull Racing,25.0,85.914,HARD,5.0,2.0,,,1.0,1,70.0,2.1,True,-0.1362,51.0,26.0,0,0,0
Italian,2023,VER,Red Bull Racing,26.0,85.786,HARD,6.0,2.0,,,1.0,1,68.4,2.052,True,-0.1362,51.0,25.0,0,0,0
Italian,2023,VER,Red Bull Racing,27.0,85.501,HARD,7.0,2.0,,,1.0,1,66.8,2.004,True,-0.1362,51.0,24.0,0,0,0
Italian,2023,VER,Red Bull Racing,28.0,85.434,HARD,8.0,2.0,,,1.0,1,65.2,1.956,True,-0.1362,51.0,23.0,0,0,0
Italian,2023,VER,Red Bull Racing,29.0,85.471,HARD,9.0,2.0,,,1.0,1,63.6,1.908,True,-0.1362,51.0,22.0,0,0,0
Italian,2023,VER,Red Bull Racing,30.0,85.398,HARD,10.0,2.0,,,1.0,1,62.0,1.86,True,-0.1362,51.0,21.0,0,0,0
Italian,2023,VER,Red Bull Racing,31.0,85.502,HARD,11.0,2.0,,,1.0,1,60.4,1.812,True,-0.1362,51.0,20.0,0,0,0
Italian,2023,VER,Red Bull Racing,32.0,85.41,HARD,12.0,2.0,,,1.0,1,58.8,1.764,True,-0.1362,51.0,19.0,0,0,0
Italian,2023,VER,Red Bull Racing,33.0,85.24,HARD,13.0,2.0,,,1.0,1,57.2,1.716,True,-0.1362,51.0,18.0,0,0,0
Italian,2023,VER,Red Bull Racing,34.0,85.683,HARD,14.0,2.0,,,1.0,1,55.6,1.668,True,-0.1362,51.0,17.0,0,0,0
Italian,2023,VER,Red Bull Racing,35.0,85.815,HARD,15.0,2.0,,,1.0,1,54.0,1.62,True,-0.1362,51.0,16.0,0,0,0
Italian,2023,VER,Red Bull Racing,36.0,85.598,HARD,16.0,2.0,,,1.0,1,52.4,1.572,True,-0.1362,51.0,15.0,0,0,0
Italian,2023,VER,Red Bull Racing,37.0,85.683,HARD,17.0,2.0,,,1.0,1,50.8,1.524,True,-0.1362,51.0,14.0,0,0,0
Italian,2023,VER,Red Bull Racing,38.0,85.585,HARD,18.0,2.0,,,1.0,1,49.2,1.476,True,-0.1362,51.0,13.0,0,0,0
Italian,2023,VER,Red Bull Racing,39.0,85.486,HARD,19.0,2.0,,,1.0,1,47.6,1.428,True,-0.1362,51.0,12.0,0,0,0
Italian,2023,VER,Red Bull Racing,40.0,85.901,HARD,20.0,2.0,,,1.0,1,46.0,1.38,True,-0.1362,51.0,11.0,0,0,0
Italian,2023,VER,Red Bull Racing,41.0,85.779,HARD,21.0,2.0,,,1.0,1,44.4,1.332,True,-0.1362,51.0,10.0,0,0,0
Italian,2023,VER,Red Bull Racing,42.0,85.912,HARD,22.0,2.0,,,1.0,1,42.8,1.284,True,-0.1362,51.0,9.0,0,0,0
Italian,2023,VER,Red Bull Racing,43.0,85.994,HARD,23.0,2.0,,,1.0,1,41.2,1.236,True,-0.1362,51.0,8.0,0,0,0
Italian,2023,VER,Red Bull Racing,44.0,85.751,HARD,24.0,2.0,,,1.0,1,39.6,1.188,True,-0.1362,51.0,7.0,0,0,0
Italian,2023,VER,Red Bull Racing,45.0,85.916,HARD,25.0,2.0,,,1.0,1,38.0,1.14,True,-0.1362,51.0,6.0,0,0,0
Italian,2023,VER,Red Bull Racing,46.0,86.185,HARD,26.0,2.0,,,1.0,1,36.4,1.092,True,-0.1362,51.0,5.0,0,0,0
Italian,2023,VER,Red Bull Racing,47.0,86.137,HARD,27.0,2.0,,,1.0,1,34.8,1.044,True,-0.1362,51.0,4.0,0,0,0
Italian,2023,VER,Red Bull Racing,48.0,87.235,HARD,28.0,2.0,,,1.0,1,33.2,0.996,True,-0.1362,51.0,3.0,0,0,0
Italian,2023,VER,Red Bull Racing,49.0,87.907,HARD,29.0,2.0,,,1.0,1,31.6,0.948,True,-0.1362,51.0,2.0,0,0,0
Italian,2023,VER,Red Bull Racing,50.0,88.393,HARD,30.0,2.0,,,1.0,1,30.0,0.9,True,-0.1362,51.0,1.0,0,0,0
Italian,2023,VER,Red Bull Racing,51.0,87.525,HARD,31.0,2.0,,,1.0,1,28.4,0.852,True,-0.1362,51.0,0.0,0,0,0
Italian,2023,GAS,Alpine,1.0,95.974,MEDIUM,1.0,1.0,,,17.0,1,108.4,3.252,False,-0.2201,51.0,50.0,0,0,0
Italian,2023,GAS,Alpine,2.0,88.696,MEDIUM,2.0,1.0,,,17.0,1,106.8,3.204,True,-0.2201,51.0,49.0,0,0,0
Italian,2023,GAS,Alpine,3.0,87.916,MEDIUM,3.0,1.0,,,17.0,1,105.2,3.156,True,-0.2201,51.0,48.0,0,0,0
Italian,2023,GAS,Alpine,4.0,87.472,MEDIUM,4.0,1.0,,,17.0,1,103.6,3.108,True,-0.2201,51.0,47.0,0,0,0
Italian,2023,GAS,Alpine,5.0,87.694,MEDIUM,5.0,1.0,,,17.0,1,102.0,3.06,True,-0.2201,51.0,46.0,0,0,0
Italian,2023,GAS,Alpine,6.0,87.324,MEDIUM,6.0,1.0,,,17.0,1,100.4,3.012,True,-0.2201,51.0,45.0,0,0,0
Italian,2023,GAS,Alpine,7.0,87.21,MEDIUM,7.0,1.0,,,17.0,1,98.8,2.964,True,-0.2201,51.0,44.0,0,0,0
Italian,2023,GAS,Alpine,8.0,87.24,MEDIUM,8.0,1.0,,,17.0,1,97.2,2.916,True,-0.2201,51.0,43.0,0,0,0
Italian,2023,GAS,Alpine,9.0,87.366,MEDIUM,9.0,1.0,,,17.0,1,95.6,2.868,True,-0.2201,51.0,42.0,0,0,0
Italian,2023,GAS,Alpine,10.0,92.034,MEDIUM,10.0,1.0,5826.997,,18.0,1,94.0,2.82,False,-0.2201,51.0,41.0,0,0,1
Italian,2023,GAS,Alpine,11.0,110.17,HARD,4.0,2.0,,5854.372,19.0,1,92.4,2.772,False,-0.384,51.0,40.0,0,0,0
Italian,2023,GAS,Alpine,12.0,87.431,HARD,5.0,2.0,,,19.0,1,90.8,2.724,True,-0.384,51.0,39.0,0,0,0
Italian,2023,GAS,Alpine,13.0,87.368,HARD,6.0,2.0,,,18.0,1,89.2,2.676,True,-0.384,51.0,38.0,0,0,0
Italian,2023,GAS,Alpine,14.0,87.348,HARD,7.0,2.0,,,18.0,1,87.6,2.628,True,-0.384,51.0,37.0,0,0,0
Italian,2023,GAS,Alpine,15.0,87.363,HARD,8.0,2.0,,,18.0,1,86.0,2.58,True,-0.384,51.0,36.0,0,0,0
Italian,2023,GAS,Alpine,16.0,87.088,HARD,9.0,2.0,,,18.0,1,84.4,2.532,True,-0.384,51.0,35.0,0,0,0
Italian,2023,GAS,Alpine,17.0,87.076,HARD,10.0,2.0,,,18.0,1,82.8,2.484,True,-0.384,51.0,34.0,0,0,0
Italian,2023,GAS,Alpine,18.0,87.053,HARD,11.0,2.0,,,18.0,1,81.2,2.436,True,-0.384,51.0,33.0,0,0,0
Italian,2023,GAS,Alpine,19.0,87.136,HARD,12.0,2.0,,,18.0,1,79.6,2.388,True,-0.384,51.0,32.0,0,0,0
Italian,2023,GAS,Alpine,20.0,87.035,HARD,13.0,2.0,,,18.0,1,78.0,2.34,True,-0.384,51.0,31.0,0,0,0
Italian,2023,GAS,Alpine,21.0,87.706,HARD,14.0,2.0,,,17.0,1,76.4,2.292,True,-0.384,51.0,30.0,0,0,0
Italian,2023,GAS,Alpine,22.0,87.219,HARD,15.0,2.0,,,17.0,1,74.8,2.244,True,-0.384,51.0,29.0,0,0,0
Italian,2023,GAS,Alpine,23.0,87.454,HARD,16.0,2.0,,,17.0,1,73.2,2.196,True,-0.384,51.0,28.0,0,0,0
Italian,2023,GAS,Alpine,24.0,87.06,HARD,17.0,2.0,,,17.0,1,71.6,2.148,True,-0.384,51.0,27.0,0,0,0
Italian,2023,GAS,Alpine,25.0,87.223,HARD,18.0,2.0,,,16.0,1,70.0,2.1,True,-0.384,51.0,26.0,0,0,0
Italian,2023,GAS,Alpine,26.0,87.59,HARD,19.0,2.0,,,15.0,1,68.4,2.052,True,-0.384,51.0,25.0,0,0,0
Italian,2023,GAS,Alpine,27.0,87.189,HARD,20.0,2.0,,,15.0,1,66.8,2.004,True,-0.384,51.0,24.0,0,0,0
Italian,2023,GAS,Alpine,28.0,87.521,HARD,21.0,2.0,,,15.0,1,65.2,1.956,True,-0.384,51.0,23.0,0,0,0
Italian,2023,GAS,Alpine,29.0,87.383,HARD,22.0,2.0,,,15.0,1,63.6,1.908,True,-0.384,51.0,22.0,0,0,0
Italian,2023,GAS,Alpine,30.0,87.658,HARD,23.0,2.0,,,15.0,1,62.0,1.86,True,-0.384,51.0,21.0,0,0,0
Italian,2023,GAS,Alpine,31.0,92.204,HARD,24.0,2.0,7688.289,,17.0,1,60.4,1.812,False,-0.384,51.0,20.0,0,0,1
Italian,2023,GAS,Alpine,32.0,106.72,MEDIUM,1.0,3.0,,7712.961,19.0,1,58.8,1.764,False,0.1244,51.0,19.0,0,0,0
Italian,2023,GAS,Alpine,33.0,86.439,MEDIUM,2.0,3.0,,,19.0,1,57.2,1.716,True,0.1244,51.0,18.0,0,0,0
Italian,2023,GAS,Alpine,34.0,86.877,MEDIUM,3.0,3.0,,,18.0,1,55.6,1.668,True,0.1244,51.0,17.0,0,0,0
Italian,2023,GAS,Alpine,35.0,86.903,MEDIUM,4.0,3.0,,,18.0,1,54.0,1.62,True,0.1244,51.0,16.0,0,0,0
Italian,2023,GAS,Alpine,36.0,86.797,MEDIUM,5.0,3.0,,,18.0,1,52.4,1.572,True,0.1244,51.0,15.0,0,0,0
Italian,2023,GAS,Alpine,37.0,86.499,MEDIUM,6.0,3.0,,,18.0,1,50.8,1.524,True,0.1244,51.0,14.0,0,0,0
Italian,2023,GAS,Alpine,38.0,86.357,MEDIUM,7.0,3.0,,,18.0,1,49.2,1.476,True,0.1244,51.0,13.0,0,0,0
Italian,2023,GAS,Alpine,39.0,86.736,MEDIUM,8.0,3.0,,,17.0,1,47.6,1.428,True,0.1244,51.0,12.0,0,0,0
Italian,2023,GAS,Alpine,40.0,86.548,MEDIUM,9.0,3.0,,,16.0,1,46.0,1.38,True,0.1244,51.0,11.0,0,0,0
Italian,2023,GAS,Alpine,41.0,86.346,MEDIUM,10.0,3.0,,,16.0,1,44.4,1.332,True,0.1244,51.0,10.0,0,0,0
Italian,2023,GAS,Alpine,42.0,86.425,MEDIUM,11.0,3.0,,,16.0,1,42.8,1.284,True,0.1244,51.0,9.0,0,0,0
Italian,2023,GAS,Alpine,43.0,85.921,MEDIUM,12.0,3.0,,,16.0,1,41.2,1.236,True,0.1244,51.0,8.0,0,0,0
Italian,2023,GAS,Alpine,44.0,85.758,MEDIUM,13.0,3.0,,,16.0,1,39.6,1.188,True,0.1244,51.0,7.0,0,0,0
Italian,2023,GAS,Alpine,45.0,86.297,MEDIUM,14.0,3.0,,,16.0,1,38.0,1.14,True,0.1244,51.0,6.0,0,0,0
Italian,2023,GAS,Alpine,46.0,86.292,MEDIUM,15.0,3.0,,,16.0,1,36.4,1.092,True,0.1244,51.0,5.0,0,0,0
Italian,2023,GAS,Alpine,47.0,86.144,MEDIUM,16.0,3.0,,,16.0,1,34.8,1.044,True,0.1244,51.0,4.0,0,0,0
Italian,2023,GAS,Alpine,48.0,86.288,MEDIUM,17.0,3.0,,,16.0,1,33.2,0.996,True,0.1244,51.0,3.0,0,0,0
Italian,2023,GAS,Alpine,49.0,87.913,MEDIUM,18.0,3.0,,,16.0,1,31.6,0.948,True,0.1244,51.0,2.0,0,0,0
Italian,2023,GAS,Alpine,50.0,87.375,MEDIUM,19.0,3.0,,,15.0,1,30.0,0.9,True,0.1244,51.0,1.0,0,0,0
Italian,2023,GAS,Alpine,51.0,,MEDIUM,20.0,3.0,,,,1,28.4,0.852,False,0.1244,51.0,0.0,0,0,0
Italian,2023,PER,Red Bull Racing,1.0,89.806,MEDIUM,1.0,1.0,,,5.0,1,108.4,3.252,False,0.071,51.0,50.0,0,0,0
Italian,2023,PER,Red Bull Racing,2.0,86.881,MEDIUM,2.0,1.0,,,5.0,1,106.8,3.204,True,0.071,51.0,49.0,0,0,0
Italian,2023,PER,Red Bull Racing,3.0,86.143,MEDIUM,3.0,1.0,,,5.0,1,105.2,3.156,True,0.071,51.0,48.0,0,0,0
Italian,2023,PER,Red Bull Racing,4.0,86.019,MEDIUM,4.0,1.0,,,5.0,1,103.6,3.108,True,0.071,51.0,47.0,0,0,0
Italian,2023,PER,Red Bull Racing,5.0,86.354,MEDIUM,5.0,1.0,,,5.0,1,102.0,3.06,True,0.071,51.0,46.0,0,0,0
Italian,2023,PER,Red Bull Racing,6.0,86.465,MEDIUM,6.0,1.0,,,5.0,1,100.4,3.012,True,0.071,51.0,45.0,0,0,0
Italian,2023,PER,Red Bull Racing,7.0,86.333,MEDIUM,7.0,1.0,,,5.0,1,98.8,2.964,True,0.071,51.0,44.0,0,0,0
Italian,2023,PER,Red Bull Racing,8.0,86.887,MEDIUM,8.0,1.0,,,5.0,1,97.2,2.916,True,0.071,51.0,43.0,0,0,0
Italian,2023,PER,Red Bull Racing,9.0,86.564,MEDIUM,9.0,1.0,,,5.0,1,95.6,2.868,True,0.071,51.0,42.0,0,0,0
Italian,2023,PER,Red Bull Racing,10.0,86.454,MEDIUM,10.0,1.0,,,5.0,1,94.0,2.82,True,0.071,51.0,41.0,0,0,0
Italian,2023,PER,Red Bull Racing,11.0,87.245,MEDIUM,11.0,1.0,,,5.0,1,92.4,2.772,True,0.071,51.0,40.0,0,0,0
Italian,2023,PER,Red Bull Racing,12.0,86.968,MEDIUM,12.0,1.0,,,5.0,1,90.8,2.724,True,0.071,51.0,39.0,0,0,0
Italian,2023,PER,Red Bull Racing,13.0,87.014,MEDIUM,13.0,1.0,,,5.0,1,89.2,2.676,True,0.071,51.0,38.0,0,0,0
Italian,2023,PER,Red Bull Racing,14.0,87.451,MEDIUM,14.0,1.0,,,5.0,1,87.6,2.628,True,0.071,51.0,37.0,0,0,0
Italian,2023,PER,Red Bull Racing,15.0,86.779,MEDIUM,15.0,1.0,,,5.0,1,86.0,2.58,True,0.071,51.0,36.0,0,0,0
Italian,2023,PER,Red Bull Racing,16.0,86.823,MEDIUM,16.0,1.0,,,4.0,1,84.4,2.532,True,0.071,51.0,35.0,0,0,0
Italian,2023,PER,Red Bull Racing,17.0,87.011,MEDIUM,17.0,1.0,,,4.0,1,82.8,2.484,True,0.071,51.0,34.0,0,0,0
Italian,2023,PER,Red Bull Racing,18.0,86.765,MEDIUM,18.0,1.0,,,4.0,1,81.2,2.436,True,0.071,51.0,33.0,0,0,0
Italian,2023,PER,Red Bull Racing,19.0,86.669,MEDIUM,19.0,1.0,,,3.0,1,79.6,2.388,True,0.071,51.0,32.0,0,0,0
Italian,2023,PER,Red Bull Racing,20.0,86.509,MEDIUM,20.0,1.0,,,2.0,1,78.0,2.34,True,0.071,51.0,31.0,0,0,0
Italian,2023,PER,Red Bull Racing,21.0,90.934,MEDIUM,21.0,1.0,6766.112,,1.0,1,76.4,2.292,False,0.071,51.0,30.0,0,0,1
Italian,2023,PER,Red Bull Racing,22.0,105.228,HARD,1.0,2.0,,6789.955,7.0,1,74.8,2.244,False,-0.1747,51.0,29.0,0,0,0
Italian,2023,PER,Red Bull Racing,23.0,85.564,HARD,2.0,2.0,,,6.0,1,73.2,2.196,True,-0.1747,51.0,28.0,0,0,0
Italian,2023,PER,Red Bull Racing,24.0,85.759,HARD,3.0,2.0,,,5.0,1,71.6,2.148,True,-0.1747,51.0,27.0,0,0,0
Italian,2023,PER,Red Bull Racing,25.0,86.005,HARD,4.0,2.0,,,5.0,1,70.0,2.1,True,-0.1747,51.0,26.0,0,0,0
Italian,2023,PER,Red Bull Racing,26.0,85.884,HARD,5.0,2.0,,,5.0,1,68.4,2.052,True,-0.1747,51.0,25.0,0,0,0
Italian,2023,PER,Red Bull Racing,27.0,86.456,HARD,6.0,2.0,,,4.0,1,66.8,2.004,True,-0.1747,51.0,24.0,0,0,0
Italian,2023,PER,Red Bull Racing,28.0,85.584,HARD,7.0,2.0,,,4.0,1,65.2,1.956,True,-0.1747,51.0,23.0,0,0,0
Italian,2023,PER,Red Bull Racing,29.0,85.606,HARD,8.0,2.0,,,4.0,1,63.6,1.908,True,-0.1747,51.0,22.0,0,0,0
Italian,2023,PER,Red Bull Racing,30.0,85.757,HARD,9.0,2.0,,,4.0,1,62.0,1.86,True,-0.1747,51.0,21.0,0,0,0
Italian,2023,PER,Red Bull Racing,31.0,86.415,HARD,10.0,2.0,,,4.0,1,60.4,1.812,True,-0.1747,51.0,20.0,0,0,0
Italian,2023,PER,Red Bull Racing,32.0,85.88,HARD,11.0,2.0,,,3.0,1,58.8,1.764,True,-0.1747,51.0,19.0,0,0,0
Italian,2023,PER,Red Bull Racing,33.0,86.02,HARD,12.0,2.0,,,3.0,1,57.2,1.716,True,-0.1747,51.0,18.0,0,0,0
Italian,2023,PER,Red Bull Racing,34.0,85.948,HARD,13.0,2.0,,,3.0,1,55.6,1.668,True,-0.1747,51.0,17.0,0,0,0
Italian,2023,PER,Red Bull Racing,35.0,85.651,HARD,14.0,2.0,,,3.0,1,54.0,1.62,True,-0.1747,51.0,16.0,0,0,0
Italian,2023,PER,Red Bull Racing,36.0,85.627,HARD,15.0,2.0,,,3.0,1,52.4,1.572,True,-0.1747,51.0,15.0,0,0,0
Italian,2023,PER,Red Bull Racing,37.0,85.757,HARD,16.0,2.0,,,3.0,1,50.8,1.524,True,-0.1747,51.0,14.0,0,0,0
Italian,2023,PER,Red Bull Racing,38.0,85.584,HARD,17.0,2.0,,,3.0,1,49.2,1.476,True,-0.1747,51.0,13.0,0,0,0
Italian,2023,PER,Red Bull Racing,39.0,85.522,HARD,18.0,2.0,,,3.0,1,47.6,1.428,True,-0.1747,51.0,12.0,0,0,0
Italian,2023,PER,Red Bull Racing,40.0,85.626,HARD,19.0,2.0,,,3.0,1,46.0,1.38,True,-0.1747,51.0,11.0,0,0,0
Italian,2023,PER,Red Bull Racing,41.0,86.719,HARD,20.0,2.0,,,3.0,1,44.4,1.332,True,-0.1747,51.0,10.0,0,0,0
Italian,2023,PER,Red Bull Racing,42.0,86.539,HARD,21.0,2.0,,,3.0,1,42.8,1.284,True,-0.1747,51.0,9.0,0,0,0
Italian,2023,PER,Red Bull Racing,43.0,86.624,HARD,22.0,2.0,,,3.0,1,41.2,1.236,True,-0.1747,51.0,8.0,0,0,0
Italian,2023,PER,Red Bull Racing,44.0,86.329,HARD,23.0,2.0,,,3.0,1,39.6,1.188,True,-0.1747,51.0,7.0,0,0,0
Italian,2023,PER,Red Bull Racing,45.0,86.573,HARD,24.0,2.0,,,3.0,1,38.0,1.14,True,-0.1747,51.0,6.0,0,0,0
Italian,2023,PER,Red Bull Racing,46.0,85.598,HARD,25.0,2.0,,,2.0,1,36.4,1.092,True,-0.1747,51.0,5.0,0,0,0
Italian,2023,PER,Red Bull Racing,47.0,86.476,HARD,26.0,2.0,,,2.0,1,34.8,1.044,True,-0.1747,51.0,4.0,0,0,0
Italian,2023,PER,Red Bull Racing,48.0,86.108,HARD,27.0,2.0,,,2.0,1,33.2,0.996,True,-0.1747,51.0,3.0,0,0,0
Italian,2023,PER,Red Bull Racing,49.0,86.006,HARD,28.0,2.0,,,2.0,1,31.6,0.948,True,-0.1747,51.0,2.0,0,0,0
Italian,2023,PER,Red Bull Racing,50.0,86.385,HARD,29.0,2.0,,,2.0,1,30.0,0.9,True,-0.1747,51.0,1.0,0,0,0
Italian,2023,PER,Red Bull Racing,51.0,85.903,HARD,30.0,2.0,,,2.0,1,28.4,0.852,True,-0.1747,51.0,0.0,0,0,0
Italian,2023,ALO,Aston Martin,1.0,93.34,MEDIUM,1.0,1.0,,,11.0,1,108.4,3.252,False,-0.1366,51.0,50.0,0,0,0
Italian,2023,ALO,Aston Martin,2.0,88.012,MEDIUM,2.0,1.0,,,11.0,1,106.8,3.204,True,-0.1366,51.0,49.0,0,0,0
Italian,2023,ALO,Aston Martin,3.0,87.546,MEDIUM,3.0,1.0,,,11.0,1,105.2,3.156,True,-0.1366,51.0,48.0,0,0,0
Italian,2023,ALO,Aston Martin,4.0,87.221,MEDIUM,4.0,1.0,,,11.0,1,103.6,3.108,True,-0.1366,51.0,47.0,0,0,0
Italian,2023,ALO,Aston Martin,5.0,87.033,MEDIUM,5.0,1.0,,,11.0,1,102.0,3.06,True,-0.1366,51.0,46.0,0,0,0
Italian,2023,ALO,Aston Martin,6.0,87.175,MEDIUM,6.0,1.0,,,11.0,1,100.4,3.012,True,-0.1366,51.0,45.0,0,0,0
Italian,2023,ALO,Aston Martin,7.0,86.929,MEDIUM,7.0,1.0,,,11.0,1,98.8,2.964,True,-0.1366,51.0,44.0,0,0,0
Italian,2023,ALO,Aston Martin,8.0,86.943,MEDIUM,8.0,1.0,,,10.0,1,97.2,2.916,True,-0.1366,51.0,43.0,0,0,0
Italian,2023,ALO,Aston Martin,9.0,87.383,MEDIUM,9.0,1.0,,,10.0,1,95.6,2.868,True,-0.1366,51.0,42.0,0,0,0
Italian,2023,ALO,Aston Martin,10.0,87.368,MEDIUM,10.0,1.0,,,10.0,1,94.0,2.82,True,-0.1366,51.0,41.0,0,0,0
Italian,2023,ALO,Aston Martin,11.0,87.343,MEDIUM,11.0,1.0,,,10.0,1,92.4,2.772,True,-0.1366,51.0,40.0,0,0,0
Italian,2023,ALO,Aston Martin,12.0,87.339,MEDIUM,12.0,1.0,,,10.0,1,90.8,2.724,True,-0.1366,51.0,39.0,0,0,0
Italian,2023,ALO,Aston Martin,13.0,87.158,MEDIUM,13.0,1.0,,,10.0,1,89.2,2.676,True,-0.1366,51.0,38.0,0,0,0
Italian,2023,ALO,Aston Martin,14.0,87.607,MEDIUM,14.0,1.0,,,10.0,1,87.6,2.628,True,-0.1366,51.0,37.0,0,0,0
Italian,2023,ALO,Aston Martin,15.0,86.929,MEDIUM,15.0,1.0,,,10.0,1,86.0,2.58,True,-0.1366,51.0,36.0,0,0,0
Italian,2023,ALO,Aston Martin,16.0,87.164,MEDIUM,16.0,1.0,,,9.0,1,84.4,2.532,True,-0.1366,51.0,35.0,0,0,0
Italian,2023,ALO,Aston Martin,17.0,87.156,MEDIUM,17.0,1.0,,,9.0,1,82.8,2.484,True,-0.1366,51.0,34.0,0,0,0
Italian,2023,ALO,Aston Martin,18.0,87.275,MEDIUM,18.0,1.0,,,9.0,1,81.2,2.436,True,-0.1366,51.0,33.0,0,0,0
Italian,2023,ALO,Aston Martin,19.0,87.318,MEDIUM,19.0,1.0,,,9.0,1,79.6,2.388,True,-0.1366,51.0,32.0,0,0,0
Italian,2023,ALO,Aston Martin,20.0,88.284,MEDIUM,20.0,1.0,,,7.0,1,78.0,2.34,True,-0.1366,51.0,31.0,0,0,0
Italian,2023,ALO,Aston Martin,21.0,92.377,MEDIUM,21.0,1.0,6782.971,,6.0,1,76.4,2.292,False,-0.1366,51.0,30.0,0,0,1
Italian,2023,ALO,Aston Martin,22.0,107.272,HARD,4.0,2.0,,6807.799,12.0,1,74.8,2.244,False,-0.264,51.0,29.0,0,0,0
Italian,2023,ALO,Aston Martin,23.0,86.849,HARD,5.0,2.0,,,12.0,1,73.2,2.196,True,-0.264,51.0,28.0,0,0,0
Italian,2023,ALO,Aston Martin,24.0,86.949,HARD,6.0,2.0,,,11.0,1,71.6,2.148,True,-0.264,51.0,27.0,0,0,0
Italian,2023,ALO,Aston Martin,25.0,86.899,HARD,7.0,2.0,,,11.0,1,70.0,2.1,True,-0.264,51.0,26.0,0,0,0
Italian,2023,ALO,Aston Martin,26.0,86.792,HARD,8.0,2.0,,,10.0,1,68.4,2.052,True,-0.264,51.0,25.0,0,0,0
Italian,2023,ALO,Aston Martin,27.0,86.666,HARD,9.0,2.0,,,10.0,1,66.8,2.004,True,-0.264,51.0,24.0,0,0,0
Italian,2023,ALO,Aston Martin,28.0,86.723,HARD,10.0,2.0,,,9.0,1,65.2,1.956,True,-0.264,51.0,23.0,0,0,0
Italian,2023,ALO,Aston Martin,29.0,86.997,HARD,11.0,2.0,,,10.0,1,63.6,1.908,True,-0.264,51.0,22.0,0,0,0
Italian,2023,ALO,Aston Martin,30.0,86.915,HARD,12.0,2.0,,,10.0,1,62.0,1.86,True,-0.264,51.0,21.0,0,0,0
Italian,2023,ALO,Aston Martin,31.0,86.848,HARD,13.0,2.0,,,10.0,1,60.4,1.812,True,-0.264,51.0,20.0,0,0,0
Italian,2023,ALO,Aston Martin,32.0,86.747,HARD,14.0,2.0,,,10.0,1,58.8,1.764,True,-0.264,51.0,19.0,0,0,0
Italian,2023,ALO,Aston Martin,33.0,86.769,HARD,15.0,2.0,,,10.0,1,57.2,1.716,True,-0.264,51.0,18.0,0,0,0
Italian,2023,ALO,Aston Martin,34.0,86.563,HARD,16.0,2.0,,,10.0,1,55.6,1.668,True,-0.264,51.0,17.0,0,0,0
Italian,2023,ALO,Aston Martin,35.0,86.517,HARD,17.0,2.0,,,10.0,1,54.0,1.62,True,-0.264,51.0,16.0,0,0,0
Italian,2023,ALO,Aston Martin,36.0,86.457,HARD,18.0,2.0,,,10.0,1,52.4,1.572,True,-0.264,51.0,15.0,0,0,0
Italian,2023,ALO,Aston Martin,37.0,86.38,HARD,19.0,2.0,,,10.0,1,50.8,1.524,True,-0.264,51.0,14.0,0,0,0
Italian,2023,ALO,Aston Martin,38.0,86.574,HARD,20.0,2.0,,,10.0,1,49.2,1.476,True,-0.264,51.0,13.0,0,0,0
Italian,2023,ALO,Aston Martin,39.0,86.707,HARD,21.0,2.0,,,10.0,1,47.6,1.428,True,-0.264,51.0,12.0,0,0,0
Italian,2023,ALO,Aston Martin,40.0,86.61,HARD,22.0,2.0,,,10.0,1,46.0,1.38,True,-0.264,51.0,11.0,0,0,0
Italian,2023,ALO,Aston Martin,41.0,86.815,HARD,23.0,2.0,,,9.0,1,44.4,1.332,True,-0.264,51.0,10.0,0,0,0
Italian,2023,ALO,Aston Martin,42.0,86.403,HARD,24.0,2.0,,,9.0,1,42.8,1.284,True,-0.264,51.0,9.0,0,0,0
Italian,2023,ALO,Aston Martin,43.0,86.105,HARD,25.0,2.0,,,9.0,1,41.2,1.236,True,-0.264,51.0,8.0,0,0,0
Italian,2023,ALO,Aston Martin,44.0,86.155,HARD,26.0,2.0,,,9.0,1,39.6,1.188,True,-0.264,51.0,7.0,0,0,0
Italian,2023,ALO,Aston Martin,45.0,86.277,HARD,27.0,2.0,,,9.0,1,38.0,1.14,True,-0.264,51.0,6.0,0,0,0
Italian,2023,ALO,Aston Martin,46.0,86.453,HARD,28.0,2.0,,,9.0,1,36.4,1.092,True,-0.264,51.0,5.0,0,0,0
Italian,2023,ALO,Aston Martin,47.0,86.912,HARD,29.0,2.0,,,9.0,1,34.8,1.044,True,-0.264,51.0,4.0,0,0,0
Italian,2023,ALO,Aston Martin,48.0,87.183,HARD,30.0,2.0,,,9.0,1,33.2,0.996,True,-0.264,51.0,3.0,0,0,0
Italian,2023,ALO,Aston Martin,49.0,87.245,HARD,31.0,2.0,,,9.0,1,31.6,0.948,True,-0.264,51.0,2.0,0,0,0
Italian,2023,ALO,Aston Martin,50.0,87.36,HARD,32.0,2.0,,,9.0,1,30.0,0.9,True,-0.264,51.0,1.0,0,0,0
Italian,2023,ALO,Aston Martin,51.0,87.395,HARD,33.0,2.0,,,9.0,1,28.4,0.852,True,-0.264,51.0,0.0,0,0,0
Italian,2023,LEC,Ferrari,1.0,88.755,MEDIUM,1.0,1.0,,,3.0,1,108.4,3.252,False,-0.0454,51.0,50.0,0,0,0
Italian,2023,LEC,Ferrari,2.0,86.312,MEDIUM,2.0,1.0,,,3.0,1,106.8,3.204,True,-0.0454,51.0,49.0,0,0,0
Italian,2023,LEC,Ferrari,3.0,85.719,MEDIUM,3.0,1.0,,,3.0,1,105.2,3.156,True,-0.0454,51.0,48.0,0,0,0
Italian,2023,LEC,Ferrari,4.0,86.025,MEDIUM,4.0,1.0,,,3.0,1,103.6,3.108,True,-0.0454,51.0,47.0,0,0,0
Italian,2023,LEC,Ferrari,5.0,86.266,MEDIUM,5.0,1.0,,,3.0,1,102.0,3.06,True,-0.0454,51.0,46.0,0,0,0
Italian,2023,LEC,Ferrari,6.0,86.483,MEDIUM,6.0,1.0,,,3.0,1,100.4,3.012,True,-0.0454,51.0,45.0,0,0,0
Italian,2023,LEC,Ferrari,7.0,86.473,MEDIUM,7.0,1.0,,,3.0,1,98.8,2.964,True,-0.0454,51.0,44.0,0,0,0
Italian,2023,LEC,Ferrari,8.0,85.972,MEDIUM,8.0,1.0,,,3.0,1,97.2,2.916,True,-0.0454,51.0,43.0,0,0,0
Italian,2023,LEC,Ferrari,9.0,86.678,MEDIUM,9.0,1.0,,,3.0,1,95.6,2.868,True,-0.0454,51.0,42.0,0,0,0
Italian,2023,LEC,Ferrari,10.0,86.787,MEDIUM,10.0,1.0,,,3.0,1,94.0,2.82,True,-0.0454,51.0,41.0,0,0,0
Italian,2023,LEC,Ferrari,11.0,86.838,MEDIUM,11.0,1.0,,,3.0,1,92.4,2.772,True,-0.0454,51.0,40.0,0,0,0
Italian,2023,LEC,Ferrari,12.0,86.694,MEDIUM,12.0,1.0,,,3.0,1,90.8,2.724,True,-0.0454,51.0,39.0,0,0,0
Italian,2023,LEC,Ferrari,13.0,86.557,MEDIUM,13.0,1.0,,,3.0,1,89.2,2.676,True,-0.0454,51.0,38.0,0,0,0
Italian,2023,LEC,Ferrari,14.0,86.94,MEDIUM,14.0,1.0,,,3.0,1,87.6,2.628,True,-0.0454,51.0,37.0,0,0,0
Italian,2023,LEC,Ferrari,15.0,87.314,MEDIUM,15.0,1.0,,,3.0,1,86.0,2.58,True,-0.0454,51.0,36.0,0,0,0
Italian,2023,LEC,Ferrari,16.0,87.155,MEDIUM,16.0,1.0,,,3.0,1,84.4,2.532,True,-0.0454,51.0,35.0,0,0,0
Italian,2023,LEC,Ferrari,17.0,87.67,MEDIUM,17.0,1.0,,,3.0,1,82.8,2.484,True,-0.0454,51.0,34.0,0,0,0
Italian,2023,LEC,Ferrari,18.0,87.498,MEDIUM,18.0,1.0,,,3.0,1,81.2,2.436,True,-0.0454,51.0,33.0,0,0,0
Italian,2023,LEC,Ferrari,19.0,87.702,MEDIUM,19.0,1.0,,,2.0,1,79.6,2.388,True,-0.0454,51.0,32.0,0,0,0
Italian,2023,LEC,Ferrari,20.0,91.155,MEDIUM,20.0,1.0,6679.066,,3.0,1,78.0,2.34,False,-0.0454,51.0,31.0,0,0,1
Italian,2023,LEC,Ferrari,21.0,105.842,HARD,1.0,2.0,,6702.956,8.0,1,76.4,2.292,False,0.0676,51.0,30.0,0,0,0
Italian,2023,LEC,Ferrari,22.0,85.742,HARD,2.0,2.0,,,6.0,1,74.8,2.244,True,0.0676,51.0,29.0,0,0,0
Italian,2023,LEC,Ferrari,23.0,85.807,HARD,3.0,2.0,,,5.0,1,73.2,2.196,True,0.0676,51.0,28.0,0,0,0
Italian,2023,LEC,Ferrari,24.0,85.933,HARD,4.0,2.0,,,4.0,1,71.6,2.148,True,0.0676,51.0,27.0,0,0,0
Italian,2023,LEC,Ferrari,25.0,86.061,HARD,5.0,2.0,,,4.0,1,70.0,2.1,True,0.0676,51.0,26.0,0,0,0
Italian,2023,LEC,Ferrari,26.0,85.763,HARD,6.0,2.0,,,4.0,1,68.4,2.052,True,0.0676,51.0,25.0,0,0,0
Italian,2023,LEC,Ferrari,27.0,86.234,HARD,7.0,2.0,,,3.0,1,66.8,2.004,True,0.0676,51.0,24.0,0,0,0
Italian,2023,LEC,Ferrari,28.0,85.663,HARD,8.0,2.0,,,3.0,1,65.2,1.956,True,0.0676,51.0,23.0,0,0,0
Italian,2023,LEC,Ferrari,29.0,85.814,HARD,9.0,2.0,,,3.0,1,63.6,1.908,True,0.0676,51.0,22.0,0,0,0
Italian,2023,LEC,Ferrari,30.0,85.782,HARD,10.0,2.0,,,3.0,1,62.0,1.86,True,0.0676,51.0,21.0,0,0,0
Italian,2023,LEC,Ferrari,31.0,86.496,HARD,11.0,2.0,,,3.0,1,60.4,1.812,True,0.0676,51.0,20.0,0,0,0
Italian,2023,LEC,Ferrari,32.0,86.869,HARD,12.0,2.0,,,4.0,1,58.8,1.764,True,0.0676,51.0,19.0,0,0,0
Italian,2023,LEC,Ferrari,33.0,85.962,HARD,13.0,2.0,,,4.0,1,57.2,1.716,True,0.0676,51.0,18.0,0,0,0
Italian,2023,LEC,Ferrari,34.0,85.851,HARD,14.0,2.0,,,4.0,1,55.6,1.668,True,0.0676,51.0,17.0,0,0,0
Italian,2023,LEC,Ferrari,35.0,85.85,HARD,15.0,2.0,,,4.0,1,54.0,1.62,True,0.0676,51.0,16.0,0,0,0
Italian,2023,LEC,Ferrari,36.0,85.631,HARD,16.0,2.0,,,4.0,1,52.4,1.572,True,0.0676,51.0,15.0,0,0,0
Italian,2023,LEC,Ferrari,37.0,85.671,HARD,17.0,2.0,,,4.0,1,50.8,1.524,True,0.0676,51.0,14.0,0,0,0
Italian,2023,LEC,Ferrari,38.0,85.58,HARD,18.0,2.0,,,4.0,1,49.2,1.476,True,0.0676,51.0,13.0,0,0,0
Italian,2023,LEC,Ferrari,39.0,85.629,HARD,19.0,2.0,,,4.0,1,47.6,1.428,True,0.0676,51.0,12.0,0,0,0
Italian,2023,LEC,Ferrari,40.0,85.728,HARD,20.0,2.0,,,4.0,1,46.0,1.38,True,0.0676,51.0,11.0,0,0,0
Italian,2023,LEC,Ferrari,41.0,86.511,HARD,21.0,2.0,,,4.0,1,44.4,1.332,True,0.0676,51.0,10.0,0,0,0
Italian,2023,LEC,Ferrari,42.0,86.448,HARD,22.0,2.0,,,4.0,1,42.8,1.284,True,0.0676,51.0,9.0,0,0,0
Italian,2023,LEC,Ferrari,43.0,86.597,HARD,23.0,2.0,,,4.0,1,41.2,1.236,True,0.0676,51.0,8.0,0,0,0
Italian,2023,LEC,Ferrari,44.0,86.586,HARD,24.0,2.0,,,4.0,1,39.6,1.188,True,0.0676,51.0,7.0,0,0,0
Italian,2023,LEC,Ferrari,45.0,86.321,HARD,25.0,2.0,,,4.0,1,38.0,1.14,True,0.0676,51.0,6.0,0,0,0
Italian,2023,LEC,Ferrari,46.0,86.58,HARD,26.0,2.0,,,4.0,1,36.4,1.092,True,0.0676,51.0,5.0,0,0,0
Italian,2023,LEC,Ferrari,47.0,87.371,HARD,27.0,2.0,,,4.0,1,34.8,1.044,True,0.0676,51.0,4.0,0,0,0
Italian,2023,LEC,Ferrari,48.0,86.828,HARD,28.0,2.0,,,4.0,1,33.2,0.996,True,0.0676,51.0,3.0,0,0,0
Italian,2023,LEC,Ferrari,49.0,86.633,HARD,29.0,2.0,,,4.0,1,31.6,0.948,True,0.0676,51.0,2.0,0,0,0
Italian,2023,LEC,Ferrari,50.0,86.961,HARD,30.0,2.0,,,4.0,1,30.0,0.9,True,0.0676,51.0,1.0,0,0,0
Italian,2023,LEC,Ferrari,51.0,86.783,HARD,31.0,2.0,,,4.0,1,28.4,0.852,True,0.0676,51.0,0.0,0,0,0
Italian,2023,STR,Aston Martin,1.0,96.787,MEDIUM,1.0,1.0,,,19.0,1,108.4,3.252,False,-0.2568,51.0,50.0,0,0,0
Italian,2023,STR,Aston Martin,2.0,88.953,MEDIUM,2.0,1.0,,,19.0,1,106.8,3.204,True,-0.2568,51.0,49.0,0,0,0
Italian,2023,STR,Aston Martin,3.0,88.614,MEDIUM,3.0,1.0,,,19.0,1,105.2,3.156,True,-0.2568,51.0,48.0,0,0,0
Italian,2023,STR,Aston Martin,4.0,87.725,MEDIUM,4.0,1.0,,,18.0,1,103.6,3.108,True,-0.2568,51.0,47.0,0,0,0
Italian,2023,STR,Aston Martin,5.0,87.574,MEDIUM,5.0,1.0,,,18.0,1,102.0,3.06,True,-0.2568,51.0,46.0,0,0,0
Italian,2023,STR,Aston Martin,6.0,87.656,MEDIUM,6.0,1.0,,,18.0,1,100.4,3.012,True,-0.2568,51.0,45.0,0,0,0
Italian,2023,STR,Aston Martin,7.0,87.1,MEDIUM,7.0,1.0,,,18.0,1,98.8,2.964,True,-0.2568,51.0,44.0,0,0,0
Italian,2023,STR,Aston Martin,8.0,87.362,MEDIUM,8.0,1.0,,,18.0,1,97.2,2.916,True,-0.2568,51.0,43.0,0,0,0
Italian,2023,STR,Aston Martin,9.0,87.312,MEDIUM,9.0,1.0,,,18.0,1,95.6,2.868,True,-0.2568,51.0,42.0,0,0,0
Italian,2023,STR,Aston Martin,10.0,87.539,MEDIUM,10.0,1.0,,,17.0,1,94.0,2.82,True,-0.2568,51.0,41.0,0,0,0
Italian,2023,STR,Aston Martin,11.0,87.369,MEDIUM,11.0,1.0,,,16.0,1,92.4,2.772,True,-0.2568,51.0,40.0,0,0,0
Italian,2023,STR,Aston Martin,12.0,87.81,MEDIUM,12.0,1.0,,,16.0,1,90.8,2.724,True,-0.2568,51.0,39.0,0,0,0
Italian,2023,STR,Aston Martin,13.0,88.222,MEDIUM,13.0,1.0,,,16.0,1,89.2,2.676,True,-0.2568,51.0,38.0,0,0,0
Italian,2023,STR,Aston Martin,14.0,88.057,MEDIUM,14.0,1.0,,,14.0,1,87.6,2.628,True,-0.2568,51.0,37.0,0,0,0
Italian,2023,STR,Aston Martin,15.0,88.179,MEDIUM,15.0,1.0,,,13.0,1,86.0,2.58,True,-0.2568,51.0,36.0,0,0,0
Italian,2023,STR,Aston Martin,16.0,88.08,MEDIUM,16.0,1.0,,,12.0,1,84.4,2.532,True,-0.2568,51.0,35.0,0,0,0
Italian,2023,STR,Aston Martin,17.0,87.909,MEDIUM,17.0,1.0,,,12.0,1,82.8,2.484,True,-0.2568,51.0,34.0,0,0,0
Italian,2023,STR,Aston Martin,18.0,88.401,MEDIUM,18.0,1.0,,,12.0,1,81.2,2.436,True,-0.2568,51.0,33.0,0,0,0
Italian,2023,STR,Aston Martin,19.0,88.05,MEDIUM,19.0,1.0,,,12.0,1,79.6,2.388,True,-0.2568,51.0,32.0,0,0,0
Italian,2023,STR,Aston Martin,20.0,93.026,MEDIUM,20.0,1.0,6709.784,,13.0,1,78.0,2.34,False,-0.2568,51.0,31.0,0,0,1
Italian,2023,STR,Aston Martin,21.0,108.851,HARD,5.0,2.0,,6735.471,18.0,1,76.4,2.292,False,-0.1674,51.0,30.0,0,0,0
Italian,2023,STR,Aston Martin,22.0,86.742,HARD,6.0,2.0,,,18.0,1,74.8,2.244,True,-0.1674,51.0,29.0,0,0,0
Italian,2023,STR,Aston Martin,23.0,86.968,HARD,7.0,2.0,,,18.0,1,73.2,2.196,True,-0.1674,51.0,28.0,0,0,0
Italian,2023,STR,Aston Martin,24.0,87.34,HARD,8.0,2.0,,,18.0,1,71.6,2.148,True,-0.1674,51.0,27.0,0,0,0
Italian,2023,STR,Aston Martin,25.0,87.176,HARD,9.0,2.0,,,17.0,1,70.0,2.1,True,-0.1674,51.0,26.0,0,0,0
Italian,2023,STR,Aston Martin,26.0,87.259,HARD,10.0,2.0,,,17.0,1,68.4,2.052,True,-0.1674,51.0,25.0,0,0,0
Italian,2023,STR,Aston Martin,27.0,86.675,HARD,11.0,2.0,,,17.0,1,66.8,2.004,True,-0.1674,51.0,24.0,0,0,0
Italian,2023,STR,Aston Martin,28.0,87.085,HARD,12.0,2.0,,,17.0,1,65.2,1.956,True,-0.1674,51.0,23.0,0,0,0
Italian,2023,STR,Aston Martin,29.0,86.809,HARD,13.0,2.0,,,17.0,1,63.6,1.908,True,-0.1674,51.0,22.0,0,0,0
Italian,2023,STR,Aston Martin,30.0,86.924,HARD,14.0,2.0,,,17.0,1,62.0,1.86,True,-0.1674,51.0,21.0,0,0,0
Italian,2023,STR,Aston Martin,31.0,86.617,HARD,15.0,2.0,,,16.0,1,60.4,1.812,True,-0.1674,51.0,20.0,0,0,0
Italian,2023,STR,Aston Martin,32.0,86.832,HARD,16.0,2.0,,,16.0,1,58.8,1.764,True,-0.1674,51.0,19.0,0,0,0
Italian,2023,STR,Aston Martin,33.0,87.121,HARD,17.0,2.0,,,16.0,1,57.2,1.716,True,-0.1674,51.0,18.0,0,0,0
Italian,2023,STR,Aston Martin,34.0,87.298,HARD,18.0,2.0,,,14.0,1,55.6,1.668,True,-0.1674,51.0,17.0,0,0,0
Italian,2023,STR,Aston Martin,35.0,86.97,HARD,19.0,2.0,,,14.0,1,54.0,1.62,True,-0.1674,51.0,16.0,0,0,0
Italian,2023,STR,Aston Martin,36.0,87.096,HARD,20.0,2.0,,,14.0,1,52.4,1.572,True,-0.1674,51.0,15.0,0,0,0
Italian,2023,STR,Aston Martin,37.0,87.373,HARD,21.0,2.0,,,14.0,1,50.8,1.524,True,-0.1674,51.0,14.0,0,0,0
Italian,2023,STR,Aston Martin,38.0,86.902,HARD,22.0,2.0,,,13.0,1,49.2,1.476,True,-0.1674,51.0,13.0,0,0,0
Italian,2023,STR,Aston Martin,39.0,86.904,HARD,23.0,2.0,,,13.0,1,47.6,1.428,True,-0.1674,51.0,12.0,0,0,0
Italian,2023,STR,Aston Martin,40.0,87.072,HARD,24.0,2.0,,,13.0,1,46.0,1.38,True,-0.1674,51.0,11.0,0,0,0
Italian,2023,STR,Aston Martin,41.0,86.916,HARD,25.0,2.0,,,13.0,1,44.4,1.332,True,-0.1674,51.0,10.0,0,0,0
Italian,2023,STR,Aston Martin,42.0,87.067,HARD,26.0,2.0,,,12.0,1,42.8,1.284,True,-0.1674,51.0,9.0,0,0,0
Italian,2023,STR,Aston Martin,43.0,91.134,HARD,27.0,2.0,,,12.0,1,41.2,1.236,True,-0.1674,51.0,8.0,0,0,0
Italian,2023,STR,Aston Martin,44.0,88.214,HARD,28.0,2.0,,,13.0,1,39.6,1.188,True,-0.1674,51.0,7.0,0,0,0
Italian,2023,STR,Aston Martin,45.0,88.336,HARD,29.0,2.0,,,14.0,1,38.0,1.14,True,-0.1674,51.0,6.0,0,0,0
Italian,2023,STR,Aston Martin,46.0,87.153,HARD,30.0,2.0,,,14.0,1,36.4,1.092,True,-0.1674,51.0,5.0,0,0,0
Italian,2023,STR,Aston Martin,47.0,87.267,HARD,31.0,2.0,,,14.0,1,34.8,1.044,True,-0.1674,51.0,4.0,0,0,0
Italian,2023,STR,Aston Martin,48.0,87.59,HARD,32.0,2.0,,,14.0,1,33.2,0.996,True,-0.1674,51.0,3.0,0,0,0
Italian,2023,STR,Aston Martin,49.0,89.467,HARD,33.0,2.0,,,14.0,1,31.6,0.948,True,-0.1674,51.0,2.0,0,0,0
Italian,2023,STR,Aston Martin,50.0,90.865,HARD,34.0,2.0,,,16.0,1,30.0,0.9,True,-0.1674,51.0,1.0,0,0,0
Italian,2023,STR,Aston Martin,51.0,,HARD,35.0,2.0,,,,1,28.4,0.852,False,-0.1674,51.0,0.0,0,0,0
Italian,2023,SAR,Williams,1.0,94.407,MEDIUM,4.0,1.0,,,13.0,1,108.4,3.252,False,-0.3322,51.0,50.0,0,0,0
Italian,2023,SAR,Williams,2.0,88.08,MEDIUM,5.0,1.0,,,13.0,1,106.8,3.204,True,-0.3322,51.0,49.0,0,0,0
Italian,2023,SAR,Williams,3.0,87.647,MEDIUM,6.0,1.0,,,13.0,1,105.2,3.156,True,-0.3322,51.0,48.0,0,0,0
Italian,2023,SAR,Williams,4.0,87.389,MEDIUM,7.0,1.0,,,13.0,1,103.6,3.108,True,-0.3322,51.0,47.0,0,0,0
Italian,2023,SAR,Williams,5.0,87.17,MEDIUM,8.0,1.0,,,13.0,1,102.0,3.06,True,-0.3322,51.0,46.0,0,0,0
Italian,2023,SAR,Williams,6.0,87.135,MEDIUM,9.0,1.0,,,13.0,1,100.4,3.012,True,-0.3322,51.0,45.0,0,0,0
Italian,2023,SAR,Williams,7.0,87.251,MEDIUM,10.0,1.0,,,13.0,1,98.8,2.964,True,-0.3322,51.0,44.0,0,0,0
Italian,2023,SAR,Williams,8.0,87.233,MEDIUM,11.0,1.0,,,13.0,1,97.2,2.916,True,-0.3322,51.0,43.0,0,0,0
Italian,2023,SAR,Williams,9.0,87.459,MEDIUM,12.0,1.0,,,13.0,1,95.6,2.868,True,-0.3322,51.0,42.0,0,0,0
Italian,2023,SAR,Williams,10.0,87.685,MEDIUM,13.0,1.0,,,13.0,1,94.0,2.82,True,-0.3322,51.0,41.0,0,0,0
Italian,2023,SAR,Williams,11.0,87.804,MEDIUM,14.0,1.0,,,13.0,1,92.4,2.772,True,-0.3322,51.0,40.0,0,0,0
Italian,2023,SAR,Williams,12.0,88.694,MEDIUM,15.0,1.0,,,13.0,1,90.8,2.724,True,-0.3322,51.0,39.0,0,0,0
Italian,2023,SAR,Williams,13.0,87.799,MEDIUM,16.0,1.0,,,12.0,1,89.2,2.676,True,-0.3322,51.0,38.0,0,0,0
Italian,2023,SAR,Williams,14.0,93.074,MEDIUM,17.0,1.0,6176.978,,15.0,1,87.6,2.628,False,-0.3322,51.0,37.0,0,0,1
Italian,2023,SAR,Williams,15.0,107.389,HARD,4.0,2.0,,6201.681,16.0,1,86.0,2.58,False,-0.2918,51.0,36.0,0,0,0
Italian,2023,SAR,Williams,16.0,86.84,HARD,5.0,2.0,,,16.0,1,84.4,2.532,True,-0.2918,51.0,35.0,0,0,0
Italian,2023,SAR,Williams,17.0,87.0,HARD,6.0,2.0,,,16.0,1,82.8,2.484,True,-0.2918,51.0,34.0,0,0,0
Italian,2023,SAR,Williams,18.0,86.906,HARD,7.0,2.0,,,16.0,1,81.2,2.436,True,-0.2918,51.0,33.0,0,0,0
Italian,2023,SAR,Williams,19.0,87.165,HARD,8.0,2.0,,,16.0,1,79.6,2.388,True,-0.2918,51.0,32.0,0,0,0
Italian,2023,SAR,Williams,20.0,87.28,HARD,9.0,2.0,,,16.0,1,78.0,2.34,True,-0.2918,51.0,31.0,0,0,0
Italian,2023,SAR,Williams,21.0,87.363,HARD,10.0,2.0,,,15.0,1,76.4,2.292,True,-0.2918,51.0,30.0,0,0,0
Italian,2023,SAR,Williams,22.0,87.465,HARD,11.0,2.0,,,15.0,1,74.8,2.244,True,-0.2918,51.0,29.0,0,0,0
Italian,2023,SAR,Williams,23.0,87.149,HARD,12.0,2.0,,,15.0,1,73.2,2.196,True,-0.2918,51.0,28.0,0,0,0
Italian,2023,SAR,Williams,24.0,87.104,HARD,13.0,2.0,,,15.0,1,71.6,2.148,True,-0.2918,51.0,27.0,0,0,0
Italian,2023,SAR,Williams,25.0,87.165,HARD,14.0,2.0,,,14.0,1,70.0,2.1,True,-0.2918,51.0,26.0,0,0,0
Italian,2023,SAR,Williams,26.0,87.021,HARD,15.0,2.0,,,13.0,1,68.4,2.052,True,-0.2918,51.0,25.0,0,0,0
Italian,2023,SAR,Williams,27.0,87.253,HARD,16.0,2.0,,,13.0,1,66.8,2.004,True,-0.2918,51.0,24.0,0,0,0
Italian,2023,SAR,Williams,28.0,87.546,HARD,17.0,2.0,,,13.0,1,65.2,1.956,True,-0.2918,51.0,23.0,0,0,0
Italian,2023,SAR,Williams,29.0,87.545,HARD,18.0,2.0,,,13.0,1,63.6,1.908,True,-0.2918,51.0,22.0,0,0,0
Italian,2023,SAR,Williams,30.0,87.121,HARD,19.0,2.0,,,13.0,1,62.0,1.86,True,-0.2918,51.0,21.0,0,0,0
Italian,2023,SAR,Williams,31.0,87.461,HARD,20.0,2.0,,,13.0,1,60.4,1.812,True,-0.2918,51.0,20.0,0,0,0
Italian,2023,SAR,Williams,32.0,87.522,HARD,21.0,2.0,,,13.0,1,58.8,1.764,True,-0.2918,51.0,19.0,0,0,0
Italian,2023,SAR,Williams,33.0,87.293,HARD,22.0,2.0,,,11.0,1,57.2,1.716,True,-0.2918,51.0,18.0,0,0,0
Italian,2023,SAR,Williams,34.0,87.219,HARD,23.0,2.0,,,11.0,1,55.6,1.668,True,-0.2918,51.0,17.0,0,0,0
Italian,2023,SAR,Williams,35.0,87.233,HARD,24.0,2.0,,,11.0,1,54.0,1.62,True,-0.2918,51.0,16.0,0,0,0
Italian,2023,SAR,Williams,36.0,87.142,HARD,25.0,2.0,,,11.0,1,52.4,1.572,True,-0.2918,51.0,15.0,0,0,0
Italian,2023,SAR,Williams,37.0,87.292,HARD,26.0,2.0,,,11.0,1,50.8,1.524,True,-0.2918,51.0,14.0,0,0,0
Italian,2023,SAR,Williams,38.0,87.103,HARD,27.0,2.0,,,11.0,1,49.2,1.476,True,-0.2918,51.0,13.0,0,0,0
Italian,2023,SAR,Williams,39.0,87.137,HARD,28.0,2.0,,,11.0,1,47.6,1.428,True,-0.2918,51.0,12.0,0,0,0
Italian,2023,SAR,Williams,40.0,87.64,HARD,29.0,2.0,,,11.0,1,46.0,1.38,True,-0.2918,51.0,11.0,0,0,0
Italian,2023,SAR,Williams,41.0,87.18,HARD,30.0,2.0,,,11.0,1,44.4,1.332,True,-0.2918,51.0,10.0,0,0,0
Italian,2023,SAR,Williams,42.0,87.176,HARD,31.0,2.0,,,10.0,1,42.8,1.284,True,-0.2918,51.0,9.0,0,0,0
Italian,2023,SAR,Williams,43.0,89.385,HARD,32.0,2.0,,,11.0,1,41.2,1.236,True,-0.2918,51.0,8.0,0,0,0
Italian,2023,SAR,Williams,44.0,87.686,HARD,33.0,2.0,,,11.0,1,39.6,1.188,True,-0.2918,51.0,7.0,0,0,0
Italian,2023,SAR,Williams,45.0,87.502,HARD,34.0,2.0,,,11.0,1,38.0,1.14,True,-0.2918,51.0,6.0,0,0,0
Italian,2023,SAR,Williams,46.0,87.709,HARD,35.0,2.0,,,11.0,1,36.4,1.092,True,-0.2918,51.0,5.0,0,0,0
Italian,2023,SAR,Williams,47.0,87.622,HARD,36.0,2.0,,,11.0,1,34.8,1.044,True,-0.2918,51.0,4.0,0,0,0
Italian,2023,SAR,Williams,48.0,87.44,HARD,37.0,2.0,,,11.0,1,33.2,0.996,True,-0.2918,51.0,3.0,0,0,0
Italian,2023,SAR,Williams,49.0,87.742,HARD,38.0,2.0,,,11.0,1,31.6,0.948,True,-0.2918,51.0,2.0,0,0,0
Italian,2023,SAR,Williams,50.0,89.626,HARD,39.0,2.0,,,13.0,1,30.0,0.9,True,-0.2918,51.0,1.0,0,0,0
Italian,2023,SAR,Williams,51.0,,HARD,40.0,2.0,,,,1,28.4,0.852,False,-0.2918,51.0,0.0,0,0,0
Italian,2023,MAG,Haas F1 Team,1.0,96.466,HARD,5.0,1.0,,,18.0,1,108.4,3.252,False,-0.3437,51.0,50.0,0,0,0
Italian,2023,MAG,Haas F1 Team,2.0,88.923,HARD,6.0,1.0,,,18.0,1,106.8,3.204,True,-0.3437,51.0,49.0,0,0,0
Italian,2023,MAG,Haas F1 Team,3.0,88.538,HARD,7.0,1.0,,,18.0,1,105.2,3.156,True,-0.3437,51.0,48.0,0,0,0
Italian,2023,MAG,Haas F1 Team,4.0,89.252,HARD,8.0,1.0,,,19.0,1,103.6,3.108,True,-0.3437,51.0,47.0,0,0,0
Italian,2023,MAG,Haas F1 Team,5.0,88.276,HARD,9.0,1.0,,,19.0,1,102.0,3.06,True,-0.3437,51.0,46.0,0,0,0
Italian,2023,MAG,Haas F1 Team,6.0,87.949,HARD,10.0,1.0,,,19.0,1,100.4,3.012,True,-0.3437,51.0,45.0,0,0,0
Italian,2023,MAG,Haas F1 Team,7.0,87.691,HARD,11.0,1.0,,,19.0,1,98.8,2.964,True,-0.3437,51.0,44.0,0,0,0
Italian,2023,MAG,Haas F1 Team,8.0,87.935,HARD,12.0,1.0,,,19.0,1,97.2,2.916,True,-0.3437,51.0,43.0,0,0,0
Italian,2023,MAG,Haas F1 Team,9.0,88.218,HARD,13.0,1.0,,,19.0,1,95.6,2.868,True,-0.3437,51.0,42.0,0,0,0
Italian,2023,MAG,Haas F1 Team,10.0,88.511,HARD,14.0,1.0,,,19.0,1,94.0,2.82,True,-0.3437,51.0,41.0,0,0,0
Italian,2023,MAG,Haas F1 Team,11.0,88.792,HARD,15.0,1.0,,,18.0,1,92.4,2.772,True,-0.3437,51.0,40.0,0,0,0
Italian,2023,MAG,Haas F1 Team,12.0,93.273,HARD,16.0,1.0,6011.901,,17.0,1,90.8,2.724,False,-0.3437,51.0,39.0,0,0,1
Italian,2023,MAG,Haas F1 Team,13.0,108.424,MEDIUM,1.0,2.0,,6036.589,19.0,1,89.2,2.676,False,0.1054,51.0,38.0,0,0,0
Italian,2023,MAG,Haas F1 Team,14.0,88.08,MEDIUM,2.0,2.0,,,19.0,1,87.6,2.628,True,0.1054,51.0,37.0,0,0,0
Italian,2023,MAG,Haas F1 Team,15.0,87.848,MEDIUM,3.0,2.0,,,19.0,1,86.0,2.58,True,0.1054,51.0,36.0,0,0,0
Italian,2023,MAG,Haas F1 Team,16.0,87.649,MEDIUM,4.0,2.0,,,19.0,1,84.4,2.532,True,0.1054,51.0,35.0,0,0,0
Italian,2023,MAG,Haas F1 Team,17.0,87.589,MEDIUM,5.0,2.0,,,19.0,1,82.8,2.484,True,0.1054,51.0,34.0,0,0,0
Italian,2023,MAG,Haas F1 Team,18.0,87.898,MEDIUM,6.0,2.0,,,19.0,1,81.2,2.436,True,0.1054,51.0,33.0,0,0,0
Italian,2023,MAG,Haas F1 Team,19.0,87.159,MEDIUM,7.0,2.0,,,19.0,1,79.6,2.388,True,0.1054,51.0,32.0,0,0,0
Italian,2023,MAG,Haas F1 Team,20.0,87.011,MEDIUM,8.0,2.0,,,19.0,1,78.0,2.34,True,0.1054,51.0,31.0,0,0,0
Italian,2023,MAG,Haas F1 Team,21.0,87.128,MEDIUM,9.0,2.0,,,19.0,1,76.4,2.292,True,0.1054,51.0,30.0,0,0,0
Italian,2023,MAG,Haas F1 Team,22.0,87.244,MEDIUM,10.0,2.0,,,19.0,1,74.8,2.244,True,0.1054,51.0,29.0,0,0,0
Italian,2023,MAG,Haas F1 Team,23.0,87.492,MEDIUM,11.0,2.0,,,19.0,1,73.2,2.196,True,0.1054,51.0,28.0,0,0,0
Italian,2023,MAG,Haas F1 Team,24.0,87.536,MEDIUM,12.0,2.0,,,19.0,1,71.6,2.148,True,0.1054,51.0,27.0,0,0,0
Italian,2023,MAG,Haas F1 Team,25.0,87.502,MEDIUM,13.0,2.0,,,18.0,1,70.0,2.1,True,0.1054,51.0,26.0,0,0,0
Italian,2023,MAG,Haas F1 Team,26.0,87.418,MEDIUM,14.0,2.0,,,18.0,1,68.4,2.052,True,0.1054,51.0,25.0,0,0,0
Italian,2023,MAG,Haas F1 Team,27.0,87.22,MEDIUM,15.0,2.0,,,18.0,1,66.8,2.004,True,0.1054,51.0,24.0,0,0,0
Italian,2023,MAG,Haas F1 Team,28.0,87.154,MEDIUM,16.0,2.0,,,18.0,1,65.2,1.956,True,0.1054,51.0,23.0,0,0,0
Italian,2023,MAG,Haas F1 Team,29.0,87.344,MEDIUM,17.0,2.0,,,18.0,1,63.6,1.908,True,0.1054,51.0,22.0,0,0,0
Italian,2023,MAG,Haas F1 Team,30.0,87.384,MEDIUM,18.0,2.0,,,18.0,1,62.0,1.86,True,0.1054,51.0,21.0,0,0,0
Italian,2023,MAG,Haas F1 Team,31.0,87.486,MEDIUM,19.0,2.0,,,18.0,1,60.4,1.812,True,0.1054,51.0,20.0,0,0,0
Italian,2023,MAG,Haas F1 Team,32.0,87.556,MEDIUM,20.0,2.0,,,17.0,1,58.8,1.764,True,0.1054,51.0,19.0,0,0,0
Italian,2023,MAG,Haas F1 Team,33.0,93.158,MEDIUM,21.0,2.0,7875.162,,18.0,1,57.2,1.716,False,0.1054,51.0,18.0,0,0,1
Italian,2023,MAG,Haas F1 Team,34.0,107.333,MEDIUM,1.0,3.0,,7899.943,19.0,1,55.6,1.668,False,-0.0597,51.0,17.0,0,0,0
Italian,2023,MAG,Haas F1 Team,35.0,86.3,MEDIUM,2.0,3.0,,,19.0,1,54.0,1.62,True,-0.0597,51.0,16.0,0,0,0
Italian,2023,MAG,Haas F1 Team,36.0,86.385,MEDIUM,3.0,3.0,,,19.0,1,52.4,1.572,True,-0.0597,51.0,15.0,0,0,0
Italian,2023,MAG,Haas F1 Team,37.0,86.454,MEDIUM,4.0,3.0,,,19.0,1,50.8,1.524,True,-0.0597,51.0,14.0,0,0,0
Italian,2023,MAG,Haas F1 Team,38.0,86.394,MEDIUM,5.0,3.0,,,19.0,1,49.2,1.476,True,-0.0597,51.0,13.0,0,0,0
Italian,2023,MAG,Haas F1 Team,39.0,90.343,MEDIUM,6.0,3.0,,,19.0,1,47.6,1.428,True,-0.0597,51.0,12.0,0,0,0
Italian,2023,MAG,Haas F1 Team,40.0,86.696,MEDIUM,7.0,3.0,,,18.0,1,46.0,1.38,True,-0.0597,51.0,11.0,0,0,0
Italian,2023,MAG,Haas F1 Team,41.0,86.328,MEDIUM,8.0,3.0,,,18.0,1,44.4,1.332,True,-0.0597,51.0,10.0,0,0,0
Italian,2023,MAG,Haas F1 Team,42.0,86.278,MEDIUM,9.0,3.0,,,18.0,1,42.8,1.284,True,-0.0597,51.0,9.0,0,0,0
Italian,2023,MAG,Haas F1 Team,43.0,86.511,MEDIUM,10.0,3.0,,,18.0,1,41.2,1.236,True,-0.0597,51.0,8.0,0,0,0
Italian,2023,MAG,Haas F1 Team,44.0,86.514,MEDIUM,11.0,3.0,,,18.0,1,39.6,1.188,True,-0.0597,51.0,7.0,0,0,0
Italian,2023,MAG,Haas F1 Team,45.0,86.787,MEDIUM,12.0,3.0,,,18.0,1,38.0,1.14,True,-0.0597,51.0,6.0,0,0,0
Italian,2023,MAG,Haas F1 Team,46.0,86.983,MEDIUM,13.0,3.0,,,18.0,1,36.4,1.092,True,-0.0597,51.0,5.0,0,0,0
Italian,2023,MAG,Haas F1 Team,47.0,86.66,MEDIUM,14.0,3.0,,,18.0,1,34.8,1.044,True,-0.0597,51.0,4.0,0,0,0
Italian,2023,MAG,Haas F1 Team,48.0,86.739,MEDIUM,15.0,3.0,,,18.0,1,33.2,0.996,True,-0.0597,51.0,3.0,0,0,0
Italian,2023,MAG,Haas F1 Team,49.0,87.054,MEDIUM,16.0,3.0,,,18.0,1,31.6,0.948,True,-0.0597,51.0,2.0,0,0,0
Italian,2023,MAG,Haas F1 Team,50.0,86.904,MEDIUM,17.0,3.0,,,18.0,1,30.0,0.9,True,-0.0597,51.0,1.0,0,0,0
Italian,2023,MAG,Haas F1 Team,51.0,,MEDIUM,18.0,3.0,,,,1,28.4,0.852,False,-0.0597,51.0,0.0,0,0,0
Italian,2023,TSU,AlphaTauri,1.0,,MEDIUM,4.0,1.0,,,,1,108.4,3.252,False,-0.822,1.0,0.0,0,0,0
Italian,2023,ALB,Williams,1.0,90.785,MEDIUM,4.0,1.0,,,7.0,1,108.4,3.252,False,-0.3007,51.0,50.0,0,0,0
Italian,2023,ALB,Williams,2.0,87.067,MEDIUM,5.0,1.0,,,6.0,1,106.8,3.204,True,-0.3007,51.0,49.0,0,0,0
Italian,2023,ALB,Williams,3.0,86.578,MEDIUM,6.0,1.0,,,6.0,1,105.2,3.156,True,-0.3007,51.0,48.0,0,0,0
Italian,2023,ALB,Williams,4.0,86.684,MEDIUM,7.0,1.0,,,6.0,1,103.6,3.108,True,-0.3007,51.0,47.0,0,0,0
Italian,2023,ALB,Williams,5.0,86.868,MEDIUM,8.0,1.0,,,6.0,1,102.0,3.06,True,-0.3007,51.0,46.0,0,0,0
Italian,2023,ALB,Williams,6.0,86.661,MEDIUM,9.0,1.0,,,6.0,1,100.4,3.012,True,-0.3007,51.0,45.0,0,0,0
Italian,2023,ALB,Williams,7.0,86.773,MEDIUM,10.0,1.0,,,6.0,1,98.8,2.964,True,-0.3007,51.0,44.0,0,0,0
Italian,2023,ALB,Williams,8.0,86.676,MEDIUM,11.0,1.0,,,6.0,1,97.2,2.916,True,-0.3007,51.0,43.0,0,0,0
Italian,2023,ALB,Williams,9.0,86.838,MEDIUM,12.0,1.0,,,6.0,1,95.6,2.868,True,-0.3007,51.0,42.0,0,0,0
Italian,2023,ALB,Williams,10.0,87.305,MEDIUM,13.0,1.0,,,6.0,1,94.0,2.82,True,-0.3007,51.0,41.0,0,0,0
Italian,2023,ALB,Williams,11.0,87.389,MEDIUM,14.0,1.0,,,6.0,1,92.4,2.772,True,-0.3007,51.0,40.0,0,0,0
Italian,2023,ALB,Williams,12.0,87.533,MEDIUM,15.0,1.0,,,6.0,1,90.8,2.724,True,-0.3007,51.0,39.0,0,0,0
Italian,2023,ALB,Williams,13.0,87.676,MEDIUM,16.0,1.0,,,6.0,1,89.2,2.676,True,-0.3007,51.0,38.0,0,0,0
Italian,2023,ALB,Williams,14.0,87.723,MEDIUM,17.0,1.0,,,6.0,1,87.6,2.628,True,-0.3007,51.0,37.0,0,0,0
Italian,2023,ALB,Williams,15.0,92.301,MEDIUM,18.0,1.0,6253.149,,9.0,1,86.0,2.58,False,-0.3007,51.0,36.0,0,0,1
Italian,2023,ALB,Williams,16.0,107.605,HARD,4.0,2.0,,6277.492,13.0,1,84.4,2.532,False,-0.3603,51.0,35.0,0,0,0
Italian,2023,ALB,Williams,17.0,87.087,HARD,5.0,2.0,,,13.0,1,82.8,2.484,True,-0.3603,51.0,34.0,0,0,0
Italian,2023,ALB,Williams,18.0,86.893,HARD,6.0,2.0,,,13.0,1,81.2,2.436,True,-0.3603,51.0,33.0,0,0,0
Italian,2023,ALB,Williams,19.0,87.308,HARD,7.0,2.0,,,13.0,1,79.6,2.388,True,-0.3603,51.0,32.0,0,0,0
Italian,2023,ALB,Williams,20.0,86.853,HARD,8.0,2.0,,,12.0,1,78.0,2.34,True,-0.3603,51.0,31.0,0,0,0
Italian,2023,ALB,Williams,21.0,86.601,HARD,9.0,2.0,,,12.0,1,76.4,2.292,True,-0.3603,51.0,30.0,0,0,0
Italian,2023,ALB,Williams,22.0,86.833,HARD,10.0,2.0,,,11.0,1,74.8,2.244,True,-0.3603,51.0,29.0,0,0,0
Italian,2023,ALB,Williams,23.0,86.913,HARD,11.0,2.0,,,9.0,1,73.2,2.196,True,-0.3603,51.0,28.0,0,0,0
Italian,2023,ALB,Williams,24.0,86.748,HARD,12.0,2.0,,,8.0,1,71.6,2.148,True,-0.3603,51.0,27.0,0,0,0
Italian,2023,ALB,Williams,25.0,86.898,HARD,13.0,2.0,,,7.0,1,70.0,2.1,True,-0.3603,51.0,26.0,0,0,0
Italian,2023,ALB,Williams,26.0,87.049,HARD,14.0,2.0,,,7.0,1,68.4,2.052,True,-0.3603,51.0,25.0,0,0,0
Italian,2023,ALB,Williams,27.0,86.735,HARD,15.0,2.0,,,7.0,1,66.8,2.004,True,-0.3603,51.0,24.0,0,0,0
Italian,2023,ALB,Williams,28.0,87.024,HARD,16.0,2.0,,,6.0,1,65.2,1.956,True,-0.3603,51.0,23.0,0,0,0
Italian,2023,ALB,Williams,29.0,86.977,HARD,17.0,2.0,,,6.0,1,63.6,1.908,True,-0.3603,51.0,22.0,0,0,0
Italian,2023,ALB,Williams,30.0,86.94,HARD,18.0,2.0,,,6.0,1,62.0,1.86,True,-0.3603,51.0,21.0,0,0,0
Italian,2023,ALB,Williams,31.0,86.735,HARD,19.0,2.0,,,6.0,1,60.4,1.812,True,-0.3603,51.0,20.0,0,0,0
Italian,2023,ALB,Williams,32.0,86.432,HARD,20.0,2.0,,,6.0,1,58.8,1.764,True,-0.3603,51.0,19.0,0,0,0
Italian,2023,ALB,Williams,33.0,86.389,HARD,21.0,2.0,,,6.0,1,57.2,1.716,True,-0.3603,51.0,18.0,0,0,0
Italian,2023,ALB,Williams,34.0,86.579,HARD,22.0,2.0,,,6.0,1,55.6,1.668,True,-0.3603,51.0,17.0,0,0,0
Italian,2023,ALB,Williams,35.0,86.545,HARD,23.0,2.0,,,6.0,1,54.0,1.62,True,-0.3603,51.0,16.0,0,0,0
Italian,2023,ALB,Williams,36.0,86.981,HARD,24.0,2.0,,,6.0,1,52.4,1.572,True,-0.3603,51.0,15.0,0,0,0
Italian,2023,ALB,Williams,37.0,86.831,HARD,25.0,2.0,,,6.0,1,50.8,1.524,True,-0.3603,51.0,14.0,0,0,0
Italian,2023,ALB,Williams,38.0,87.37,HARD,26.0,2.0,,,6.0,1,49.2,1.476,True,-0.3603,51.0,13.0,0,0,0
Italian,2023,ALB,Williams,39.0,86.802,HARD,27.0,2.0,,,6.0,1,47.6,1.428,True,-0.3603,51.0,12.0,0,0,0
Italian,2023,ALB,Williams,40.0,86.572,HARD,28.0,2.0,,,6.0,1,46.0,1.38,True,-0.3603,51.0,11.0,0,0,0
Italian,2023,ALB,Williams,41.0,86.675,HARD,29.0,2.0,,,6.0,1,44.4,1.332,True,-0.3603,51.0,10.0,0,0,0
Italian,2023,ALB,Williams,42.0,86.708,HARD,30.0,2.0,,,6.0,1,42.8,1.284,True,-0.3603,51.0,9.0,0,0,0
Italian,2023,ALB,Williams,43.0,86.913,HARD,31.0,2.0,,,6.0,1,41.2,1.236,True,-0.3603,51.0,8.0,0,0,0
Italian,2023,ALB,Williams,44.0,87.725,HARD,32.0,2.0,,,6.0,1,39.6,1.188,True,-0.3603,51.0,7.0,0,0,0
Italian,2023,ALB,Williams,45.0,86.907,HARD,33.0,2.0,,,6.0,1,38.0,1.14,True,-0.3603,51.0,6.0,0,0,0
Italian,2023,ALB,Williams,46.0,87.252,HARD,34.0,2.0,,,6.0,1,36.4,1.092,True,-0.3603,51.0,5.0,0,0,0
Italian,2023,ALB,Williams,47.0,88.491,HARD,35.0,2.0,,,7.0,1,34.8,1.044,True,-0.3603,51.0,4.0,0,0,0
Italian,2023,ALB,Williams,48.0,86.822,HARD,36.0,2.0,,,7.0,1,33.2,0.996,True,-0.3603,51.0,3.0,0,0,0
Italian,2023,ALB,Williams,49.0,87.569,HARD,37.0,2.0,,,7.0,1,31.6,0.948,True,-0.3603,51.0,2.0,0,0,0
Italian,2023,ALB,Williams,50.0,87.197,HARD,38.0,2.0,,,7.0,1,30.0,0.9,True,-0.3603,51.0,1.0,0,0,0
Italian,2023,ALB,Williams,51.0,87.433,HARD,39.0,2.0,,,7.0,1,28.4,0.852,True,-0.3603,51.0,0.0,0,0,0
Italian,2023,ZHO,Alfa Romeo,1.0,95.194,MEDIUM,1.0,1.0,,,15.0,1,108.4,3.252,False,-0.4694,51.0,50.0,0,0,0
Italian,2023,ZHO,Alfa Romeo,2.0,88.167,MEDIUM,2.0,1.0,,,15.0,1,106.8,3.204,True,-0.4694,51.0,49.0,0,0,0
Italian,2023,ZHO,Alfa Romeo,3.0,87.871,MEDIUM,3.0,1.0,,,15.0,1,105.2,3.156,True,-0.4694,51.0,48.0,0,0,0
Italian,2023,ZHO,Alfa Romeo,4.0,87.615,MEDIUM,4.0,1.0,,,15.0,1,103.6,3.108,True,-0.4694,51.0,47.0,0,0,0
Italian,2023,ZHO,Alfa Romeo,5.0,87.535,MEDIUM,5.0,1.0,,,15.0,1,102.0,3.06,True,-0.4694,51.0,46.0,0,0,0
Italian,2023,ZHO,Alfa Romeo,6.0,87.066,MEDIUM,6.0,1.0,,,15.0,1,100.4,3.012,True,-0.4694,51.0,45.0,0,0,0
Italian,2023,ZHO,Alfa Romeo,7.0,87.185,MEDIUM,7.0,1.0,,,15.0,1,98.8,2.964,True,-0.4694,51.0,44.0,0,0,0
Italian,2023,ZHO,Alfa Romeo,8.0,87.253,MEDIUM,8.0,1.0,,,15.0,1,97.2,2.916,True,-0.4694,51.0,43.0,0,0,0
Italian,2023,ZHO,Alfa Romeo,9.0,87.416,MEDIUM,9.0,1.0,,,15.0,1,95.6,2.868,True,-0.4694,51.0,42.0,0,0,0
Italian,2023,ZHO,Alfa Romeo,10.0,87.544,MEDIUM,10.0,1.0,,,15.0,1,94.0,2.82,True,-0.4694,51.0,41.0,0,0,0
Italian,2023,ZHO,Alfa Romeo,11.0,92.187,MEDIUM,11.0,1.0,5913.106,,17.0,1,92.4,2.772,False,-0.4694,51.0,40.0,0,0,1
Italian,2023,ZHO,Alfa Romeo,12.0,107.237,HARD,4.0,2.0,,5937.496,18.0,1,90.8,2.724,False,-0.2713,51.0,39.0,0,0,0
Italian,2023,ZHO,Alfa Romeo,13.0,86.253,HARD,5.0,2.0,,,17.0,1,89.2,2.676,True,-0.2713,51.0,38.0,0,0,0
Italian,2023,ZHO,Alfa Romeo,14.0,87.775,HARD,6.0,2.0,,,17.0,1,87.6,2.628,True,-0.2713,51.0,37.0,0,0,0
Italian,2023,ZHO,Alfa Romeo,15.0,87.645,HARD,7.0,2.0,,,15.0,1,86.0,2.58,True,-0.2713,51.0,36.0,0,0,0
Italian,2023,ZHO,Alfa Romeo,16.0,87.153,HARD,8.0,2.0,,,15.0,1,84.4,2.532,True,-0.2713,51.0,35.0,0,0,0
Italian,2023,ZHO,Alfa Romeo,17.0,86.866,HARD,9.0,2.0,,,15.0,1,82.8,2.484,True,-0.2713,51.0,34.0,0,0,0
Italian,2023,ZHO,Alfa Romeo,18.0,87.055,HARD,10.0,2.0,,,15.0,1,81.2,2.436,True,-0.2713,51.0,33.0,0,0,0
Italian,2023,ZHO,Alfa Romeo,19.0,87.347,HARD,11.0,2.0,,,15.0,1,79.6,2.388,True,-0.2713,51.0,32.0,0,0,0
Italian,2023,ZHO,Alfa Romeo,20.0,87.075,HARD,12.0,2.0,,,15.0,1,78.0,2.34,True,-0.2713,51.0,31.0,0,0,0
Italian,2023,ZHO,Alfa Romeo,21.0,87.17,HARD,13.0,2.0,,,14.0,1,76.4,2.292,True,-0.2713,51.0,30.0,0,0,0
Italian,2023,ZHO,Alfa Romeo,22.0,87.333,HARD,14.0,2.0,,,14.0,1,74.8,2.244,True,-0.2713,51.0,29.0,0,0,0
Italian,2023,ZHO,Alfa Romeo,23.0,87.285,HARD,15.0,2.0,,,14.0,1,73.2,2.196,True,-0.2713,51.0,28.0,0,0,0
Italian,2023,ZHO,Alfa Romeo,24.0,87.153,HARD,16.0,2.0,,,14.0,1,71.6,2.148,True,-0.2713,51.0,27.0,0,0,0
Italian,2023,ZHO,Alfa Romeo,25.0,87.028,HARD,17.0,2.0,,,13.0,1,70.0,2.1,True,-0.2713,51.0,26.0,0,0,0
Italian,2023,ZHO,Alfa Romeo,26.0,87.164,HARD,18.0,2.0,,,12.0,1,68.4,2.052,True,-0.2713,51.0,25.0,0,0,0
Italian,2023,ZHO,Alfa Romeo,27.0,87.348,HARD,19.0,2.0,,,12.0,1,66.8,2.004,True,-0.2713,51.0,24.0,0,0,0
Italian,2023,ZHO,Alfa Romeo,28.0,87.858,HARD,20.0,2.0,,,12.0,1,65.2,1.956,True,-0.2713,51.0,23.0,0,0,0
Italian,2023,ZHO,Alfa Romeo,29.0,87.356,HARD,21.0,2.0,,,12.0,1,63.6,1.908,True,-0.2713,51.0,22.0,0,0,0
Italian,2023,ZHO,Alfa Romeo,30.0,87.442,HARD,22.0,2.0,,,12.0,1,62.0,1.86,True,-0.2713,51.0,21.0,0,0,0
Italian,2023,ZHO,Alfa Romeo,31.0,87.683,HARD,23.0,2.0,,,12.0,1,60.4,1.812,True,-0.2713,51.0,20.0,0,0,0
Italian,2023,ZHO,Alfa Romeo,32.0,87.82,HARD,24.0,2.0,,,12.0,1,58.8,1.764,True,-0.2713,51.0,19.0,0,0,0
Italian,2023,ZHO,Alfa Romeo,33.0,92.052,HARD,25.0,2.0,7858.209,,14.0,1,57.2,1.716,False,-0.2713,51.0,18.0,0,0,1
Italian,2023,ZHO,Alfa Romeo,34.0,107.962,MEDIUM,1.0,3.0,,7884.131,17.0,1,55.6,1.668,False,0.0297,51.0,17.0,0,0,0
Italian,2023,ZHO,Alfa Romeo,35.0,85.983,MEDIUM,2.0,3.0,,,17.0,1,54.0,1.62,True,0.0297,51.0,16.0,0,0,0
Italian,2023,ZHO,Alfa Romeo,36.0,86.935,MEDIUM,3.0,3.0,,,17.0,1,52.4,1.572,True,0.0297,51.0,15.0,0,0,0
Italian,2023,ZHO,Alfa Romeo,37.0,86.7,MEDIUM,4.0,3.0,,,17.0,1,50.8,1.524,True,0.0297,51.0,14.0,0,0,0
Italian,2023,ZHO,Alfa Romeo,38.0,86.503,MEDIUM,5.0,3.0,,,17.0,1,49.2,1.476,True,0.0297,51.0,13.0,0,0,0
Italian,2023,ZHO,Alfa Romeo,39.0,86.473,MEDIUM,6.0,3.0,,,16.0,1,47.6,1.428,True,0.0297,51.0,12.0,0,0,0
Italian,2023,ZHO,Alfa Romeo,40.0,86.406,MEDIUM,7.0,3.0,,,15.0,1,46.0,1.38,True,0.0297,51.0,11.0,0,0,0
Italian,2023,ZHO,Alfa Romeo,41.0,86.6,MEDIUM,8.0,3.0,,,15.0,1,44.4,1.332,True,0.0297,51.0,10.0,0,0,0
Italian,2023,ZHO,Alfa Romeo,42.0,86.671,MEDIUM,9.0,3.0,,,15.0,1,42.8,1.284,True,0.0297,51.0,9.0,0,0,0
Italian,2023,ZHO,Alfa Romeo,43.0,86.288,MEDIUM,10.0,3.0,,,15.0,1,41.2,1.236,True,0.0297,51.0,8.0,0,0,0
Italian,2023,ZHO,Alfa Romeo,44.0,86.313,MEDIUM,11.0,3.0,,,15.0,1,39.6,1.188,True,0.0297,51.0,7.0,0,0,0
Italian,2023,ZHO,Alfa Romeo,45.0,86.461,MEDIUM,12.0,3.0,,,15.0,1,38.0,1.14,True,0.0297,51.0,6.0,0,0,0
Italian,2023,ZHO,Alfa Romeo,46.0,86.134,MEDIUM,13.0,3.0,,,15.0,1,36.4,1.092,True,0.0297,51.0,5.0,0,0,0
Italian,2023,ZHO,Alfa Romeo,47.0,86.305,MEDIUM,14.0,3.0,,,15.0,1,34.8,1.044,True,0.0297,51.0,4.0,0,0,0
Italian,2023,ZHO,Alfa Romeo,48.0,86.448,MEDIUM,15.0,3.0,,,15.0,1,33.2,0.996,True,0.0297,51.0,3.0,0,0,0
Italian,2023,ZHO,Alfa Romeo,49.0,88.825,MEDIUM,16.0,3.0,,,15.0,1,31.6,0.948,True,0.0297,51.0,2.0,0,0,0
Italian,2023,ZHO,Alfa Romeo,50.0,86.768,MEDIUM,17.0,3.0,,,14.0,1,30.0,0.9,True,0.0297,51.0,1.0,0,0,0
Italian,2023,ZHO,Alfa Romeo,51.0,,MEDIUM,18.0,3.0,,,,1,28.4,0.852,False,0.0297,51.0,0.0,0,0,0
Italian,2023,HUL,Haas F1 Team,1.0,92.72,MEDIUM,4.0,1.0,,,10.0,1,108.4,3.252,False,0.2054,51.0,50.0,0,0,0
Italian,2023,HUL,Haas F1 Team,2.0,87.92,MEDIUM,5.0,1.0,,,10.0,1,106.8,3.204,True,0.2054,51.0,49.0,0,0,0
Italian,2023,HUL,Haas F1 Team,3.0,87.36,MEDIUM,6.0,1.0,,,10.0,1,105.2,3.156,True,0.2054,51.0,48.0,0,0,0
Italian,2023,HUL,Haas F1 Team,4.0,87.2,MEDIUM,7.0,1.0,,,10.0,1,103.6,3.108,True,0.2054,51.0,47.0,0,0,0
Italian,2023,HUL,Haas F1 Team,5.0,87.035,MEDIUM,8.0,1.0,,,10.0,1,102.0,3.06,True,0.2054,51.0,46.0,0,0,0
Italian,2023,HUL,Haas F1 Team,6.0,87.169,MEDIUM,9.0,1.0,,,10.0,1,100.4,3.012,True,0.2054,51.0,45.0,0,0,0
Italian,2023,HUL,Haas F1 Team,7.0,87.465,MEDIUM,10.0,1.0,,,10.0,1,98.8,2.964,True,0.2054,51.0,44.0,0,0,0
Italian,2023,HUL,Haas F1 Team,8.0,88.059,MEDIUM,11.0,1.0,,,11.0,1,97.2,2.916,True,0.2054,51.0,43.0,0,0,0
Italian,2023,HUL,Haas F1 Team,9.0,87.481,MEDIUM,12.0,1.0,,,11.0,1,95.6,2.868,True,0.2054,51.0,42.0,0,0,0
Italian,2023,HUL,Haas F1 Team,10.0,87.563,MEDIUM,13.0,1.0,,,11.0,1,94.0,2.82,True,0.2054,51.0,41.0,0,0,0
Italian,2023,HUL,Haas F1 Team,11.0,88.055,MEDIUM,14.0,1.0,,,11.0,1,92.4,2.772,True,0.2054,51.0,40.0,0,0,0
Italian,2023,HUL,Haas F1 Team,12.0,89.091,MEDIUM,15.0,1.0,,,12.0,1,90.8,2.724,True,0.2054,51.0,39.0,0,0,0
Italian,2023,HUL,Haas F1 Team,13.0,88.009,MEDIUM,16.0,1.0,,,11.0,1,89.2,2.676,True,0.2054,51.0,38.0,0,0,0
Italian,2023,HUL,Haas F1 Team,14.0,92.658,MEDIUM,17.0,1.0,6175.868,,13.0,1,87.6,2.628,False,0.2054,51.0,37.0,0,0,1
Italian,2023,HUL,Haas F1 Team,15.0,109.615,HARD,6.0,2.0,,6201.946,17.0,1,86.0,2.58,False,-0.0574,51.0,36.0,0,0,0
Italian,2023,HUL,Haas F1 Team,16.0,86.99,HARD,7.0,2.0,,,17.0,1,84.4,2.532,True,-0.0574,51.0,35.0,0,0,0
Italian,2023,HUL,Haas F1 Team,17.0,86.988,HARD,8.0,2.0,,,17.0,1,82.8,2.484,True,-0.0574,51.0,34.0,0,0,0
Italian,2023,HUL,Haas F1 Team,18.0,87.294,HARD,9.0,2.0,,,17.0,1,81.2,2.436,True,-0.0574,51.0,33.0,0,0,0
Italian,2023,HUL,Haas F1 Team,19.0,87.312,HARD,10.0,2.0,,,17.0,1,79.6,2.388,True,-0.0574,51.0,32.0,0,0,0
Italian,2023,HUL,Haas F1 Team,20.0,87.078,HARD,11.0,2.0,,,17.0,1,78.0,2.34,True,-0.0574,51.0,31.0,0,0,0
Italian,2023,HUL,Haas F1 Team,21.0,87.161,HARD,12.0,2.0,,,16.0,1,76.4,2.292,True,-0.0574,51.0,30.0,0,0,0
Italian,2023,HUL,Haas F1 Team,22.0,87.074,HARD,13.0,2.0,,,16.0,1,74.8,2.244,True,-0.0574,51.0,29.0,0,0,0
Italian,2023,HUL,Haas F1 Team,23.0,87.29,HARD,14.0,2.0,,,16.0,1,73.2,2.196,True,-0.0574,51.0,28.0,0,0,0
Italian,2023,HUL,Haas F1 Team,24.0,87.143,HARD,15.0,2.0,,,16.0,1,71.6,2.148,True,-0.0574,51.0,27.0,0,0,0
Italian,2023,HUL,Haas F1 Team,25.0,87.229,HARD,16.0,2.0,,,15.0,1,70.0,2.1,True,-0.0574,51.0,26.0,0,0,0
Italian,2023,HUL,Haas F1 Team,26.0,87.344,HARD,17.0,2.0,,,14.0,1,68.4,2.052,True,-0.0574,51.0,25.0,0,0,0
Italian,2023,HUL,Haas F1 Team,27.0,87.08,HARD,18.0,2.0,,,14.0,1,66.8,2.004,True,-0.0574,51.0,24.0,0,0,0
Italian,2023,HUL,Haas F1 Team,28.0,87.6,HARD,19.0,2.0,,,14.0,1,65.2,1.956,True,-0.0574,51.0,23.0,0,0,0
Italian,2023,HUL,Haas F1 Team,29.0,87.466,HARD,20.0,2.0,,,14.0,1,63.6,1.908,True,-0.0574,51.0,22.0,0,0,0
Italian,2023,HUL,Haas F1 Team,30.0,87.775,HARD,21.0,2.0,,,14.0,1,62.0,1.86,True,-0.0574,51.0,21.0,0,0,0
Italian,2023,HUL,Haas F1 Team,31.0,87.547,HARD,22.0,2.0,,,14.0,1,60.4,1.812,True,-0.0574,51.0,20.0,0,0,0
Italian,2023,HUL,Haas F1 Team,32.0,87.976,HARD,23.0,2.0,,,14.0,1,58.8,1.764,True,-0.0574,51.0,19.0,0,0,0
Italian,2023,HUL,Haas F1 Team,33.0,88.575,HARD,24.0,2.0,,,15.0,1,57.2,1.716,True,-0.0574,51.0,18.0,0,0,0
Italian,2023,HUL,Haas F1 Team,34.0,87.991,HARD,25.0,2.0,,,13.0,1,55.6,1.668,True,-0.0574,51.0,17.0,0,0,0
Italian,2023,HUL,Haas F1 Team,35.0,87.945,HARD,26.0,2.0,,,13.0,1,54.0,1.62,True,-0.0574,51.0,16.0,0,0,0
Italian,2023,HUL,Haas F1 Team,36.0,88.084,HARD,27.0,2.0,,,13.0,1,52.4,1.572,True,-0.0574,51.0,15.0,0,0,0
Italian,2023,HUL,Haas F1 Team,37.0,88.006,HARD,28.0,2.0,,,13.0,1,50.8,1.524,True,-0.0574,51.0,14.0,0,0,0
Italian,2023,HUL,Haas F1 Team,38.0,88.969,HARD,29.0,2.0,,,14.0,1,49.2,1.476,True,-0.0574,51.0,13.0,0,0,0
Italian,2023,HUL,Haas F1 Team,39.0,92.506,HARD,30.0,2.0,8391.89,,14.0,1,47.6,1.428,False,-0.0574,51.0,12.0,0,0,1
Italian,2023,HUL,Haas F1 Team,40.0,106.37,MEDIUM,4.0,3.0,,8416.218,17.0,1,46.0,1.38,False,-1.5958,51.0,11.0,0,0,0
Italian,2023,HUL,Haas F1 Team,41.0,86.395,MEDIUM,5.0,3.0,,,17.0,1,44.4,1.332,True,-1.5958,51.0,10.0,0,0,0
Italian,2023,HUL,Haas F1 Team,42.0,86.102,MEDIUM,6.0,3.0,,,17.0,1,42.8,1.284,True,-1.5958,51.0,9.0,0,0,0
Italian,2023,HUL,Haas F1 Team,43.0,86.234,MEDIUM,7.0,3.0,,,17.0,1,41.2,1.236,True,-1.5958,51.0,8.0,0,0,0
Italian,2023,HUL,Haas F1 Team,44.0,86.459,MEDIUM,8.0,3.0,,,17.0,1,39.6,1.188,True,-1.5958,51.0,7.0,0,0,0
Italian,2023,HUL,Haas F1 Team,45.0,86.723,MEDIUM,9.0,3.0,,,17.0,1,38.0,1.14,True,-1.5958,51.0,6.0,0,0,0
Italian,2023,HUL,Haas F1 Team,46.0,86.645,MEDIUM,10.0,3.0,,,17.0,1,36.4,1.092,True,-1.5958,51.0,5.0,0,0,0
Italian,2023,HUL,Haas F1 Team,47.0,86.251,MEDIUM,11.0,3.0,,,17.0,1,34.8,1.044,True,-1.5958,51.0,4.0,0,0,0
Italian,2023,HUL,Haas F1 Team,48.0,86.359,MEDIUM,12.0,3.0,,,17.0,1,33.2,0.996,True,-1.5958,51.0,3.0,0,0,0
Italian,2023,HUL,Haas F1 Team,49.0,85.981,MEDIUM,13.0,3.0,,,17.0,1,31.6,0.948,True,-1.5958,51.0,2.0,0,0,0
Italian,2023,HUL,Haas F1 Team,50.0,85.894,MEDIUM,14.0,3.0,,,17.0,1,30.0,0.9,True,-1.5958,51.0,1.0,0,0,0
Italian,2023,HUL,Haas F1 Team,51.0,,MEDIUM,15.0,3.0,,,,1,28.4,0.852,False,-1.5958,51.0,0.0,0,0,0
Italian,2023,OCO,Alpine,1.0,95.655,MEDIUM,1.0,1.0,,,16.0,1,108.4,3.252,False,0.2025,39.0,38.0,0,0,0
Italian,2023,OCO,Alpine,2.0,88.667,MEDIUM,2.0,1.0,,,16.0,1,106.8,3.204,True,0.2025,39.0,37.0,0,0,0
Italian,2023,OCO,Alpine,3.0,87.822,MEDIUM,3.0,1.0,,,16.0,1,105.2,3.156,True,0.2025,39.0,36.0,0,0,0
Italian,2023,OCO,Alpine,4.0,87.582,MEDIUM,4.0,1.0,,,16.0,1,103.6,3.108,True,0.2025,39.0,35.0,0,0,0
Italian,2023,OCO,Alpine,5.0,87.385,MEDIUM,5.0,1.0,,,16.0,1,102.0,3.06,True,0.2025,39.0,34.0,0,0,0
Italian,2023,OCO,Alpine,6.0,87.306,MEDIUM,6.0,1.0,,,16.0,1,100.4,3.012,True,0.2025,39.0,33.0,0,0,0
Italian,2023,OCO,Alpine,7.0,87.117,MEDIUM,7.0,1.0,,,16.0,1,98.8,2.964,True,0.2025,39.0,32.0,0,0,0
Italian,2023,OCO,Alpine,8.0,87.309,MEDIUM,8.0,1.0,,,16.0,1,97.2,2.916,True,0.2025,39.0,31.0,0,0,0
Italian,2023,OCO,Alpine,9.0,87.396,MEDIUM,9.0,1.0,,,16.0,1,95.6,2.868,True,0.2025,39.0,30.0,0,0,0
Italian,2023,OCO,Alpine,10.0,87.607,MEDIUM,10.0,1.0,,,16.0,1,94.0,2.82,True,0.2025,39.0,29.0,0,0,0
Italian,2023,OCO,Alpine,11.0,87.738,MEDIUM,11.0,1.0,,,15.0,1,92.4,2.772,True,0.2025,39.0,28.0,0,0,0
Italian,2023,OCO,Alpine,12.0,88.232,MEDIUM,12.0,1.0,,,15.0,1,90.8,2.724,True,0.2025,39.0,27.0,0,0,0
Italian,2023,OCO,Alpine,13.0,87.855,MEDIUM,13.0,1.0,,,14.0,1,89.2,2.676,True,0.2025,39.0,26.0,0,0,0
Italian,2023,OCO,Alpine,14.0,88.091,MEDIUM,14.0,1.0,,,12.0,1,87.6,2.628,True,0.2025,39.0,25.0,0,0,0
Italian,2023,OCO,Alpine,15.0,88.197,MEDIUM,15.0,1.0,,,12.0,1,86.0,2.58,True,0.2025,39.0,24.0,0,0,0
Italian,2023,OCO,Alpine,16.0,88.249,MEDIUM,16.0,1.0,,,11.0,1,84.4,2.532,True,0.2025,39.0,23.0,0,0,0
Italian,2023,OCO,Alpine,17.0,88.111,MEDIUM,17.0,1.0,,,11.0,1,82.8,2.484,True,0.2025,39.0,22.0,0,0,0
Italian,2023,OCO,Alpine,18.0,88.261,MEDIUM,18.0,1.0,,,11.0,1,81.2,2.436,True,0.2025,39.0,21.0,0,0,0
Italian,2023,OCO,Alpine,19.0,88.216,MEDIUM,19.0,1.0,,,11.0,1,79.6,2.388,True,0.2025,39.0,20.0,0,0,0
Italian,2023,OCO,Alpine,20.0,89.387,MEDIUM,20.0,1.0,,,11.0,1,78.0,2.34,True,0.2025,39.0,19.0,0,0,0
Italian,2023,OCO,Alpine,21.0,88.489,MEDIUM,21.0,1.0,,,11.0,1,76.4,2.292,True,0.2025,39.0,18.0,0,0,0
Italian,2023,OCO,Alpine,22.0,88.884,MEDIUM,22.0,1.0,,,10.0,1,74.8,2.244,True,0.2025,39.0,17.0,0,0,0
Italian,2023,OCO,Alpine,23.0,89.474,MEDIUM,23.0,1.0,,,10.0,1,73.2,2.196,True,0.2025,39.0,16.0,0,0,0
Italian,2023,OCO,Alpine,24.0,93.499,MEDIUM,24.0,1.0,7064.608,,12.0,1,71.6,2.148,False,0.2025,39.0,15.0,0,0,1
Italian,2023,OCO,Alpine,25.0,107.378,HARD,4.0,2.0,,7088.843,19.0,1,70.0,2.1,False,-0.6075,39.0,14.0,0,0,0
Italian,2023,OCO,Alpine,26.0,87.158,HARD,5.0,2.0,,,19.0,1,68.4,2.052,True,-0.6075,39.0,13.0,0,0,0
Italian,2023,OCO,Alpine,27.0,87.119,HARD,6.0,2.0,,,19.0,1,66.8,2.004,True,-0.6075,39.0,12.0,0,0,0
Italian,2023,OCO,Alpine,28.0,87.19,HARD,7.0,2.0,,,19.0,1,65.2,1.956,True,-0.6075,39.0,11.0,0,0,0
Italian,2023,OCO,Alpine,29.0,87.35,HARD,8.0,2.0,,,19.0,1,63.6,1.908,True,-0.6075,39.0,10.0,0,0,0
Italian,2023,OCO,Alpine,30.0,87.308,HARD,9.0,2.0,,,19.0,1,62.0,1.86,True,-0.6075,39.0,9.0,0,0,0
Italian,2023,OCO,Alpine,31.0,87.208,HARD,10.0,2.0,,,19.0,1,60.4,1.812,True,-0.6075,39.0,8.0,0,0,0
Italian,2023,OCO,Alpine,32.0,87.119,HARD,11.0,2.0,,,18.0,1,58.8,1.764,True,-0.6075,39.0,7.0,0,0,0
Italian,2023,OCO,Alpine,33.0,86.963,HARD,12.0,2.0,,,17.0,1,57.2,1.716,True,-0.6075,39.0,6.0,0,0,0
Italian,2023,OCO,Alpine,34.0,87.626,HARD,13.0,2.0,,,15.0,1,55.6,1.668,True,-0.6075,39.0,5.0,0,0,0
Italian,2023,OCO,Alpine,35.0,87.441,HARD,14.0,2.0,,,15.0,1,54.0,1.62,True,-0.6075,39.0,4.0,0,0,0
Italian,2023,OCO,Alpine,36.0,87.476,HARD,15.0,2.0,,,15.0,1,52.4,1.572,True,-0.6075,39.0,3.0,0,0,0
Italian,2023,OCO,Alpine,37.0,87.429,HARD,16.0,2.0,,,15.0,1,50.8,1.524,True,-0.6075,39.0,2.0,0,0,0
Italian,2023,OCO,Alpine,38.0,87.079,HARD,17.0,2.0,,,15.0,1,49.2,1.476,True,-0.6075,39.0,1.0,0,0,0
Italian,2023,OCO,Alpine,39.0,106.604,HARD,18.0,2.0,8413.093,,18.0,1,47.6,1.428,False,-0.6075,39.0,0.0,0,0,1
Italian,2023,NOR,McLaren,1.0,91.513,MEDIUM,1.0,1.0,,,8.0,1,108.4,3.252,False,-0.179,51.0,50.0,0,0,0
Italian,2023,NOR,McLaren,2.0,87.575,MEDIUM,2.0,1.0,,,8.0,1,106.8,3.204,True,-0.179,51.0,49.0,0,0,0
Italian,2023,NOR,McLaren,3.0,87.105,MEDIUM,3.0,1.0,,,8.0,1,105.2,3.156,True,-0.179,51.0,48.0,0,0,0
Italian,2023,NOR,McLaren,4.0,87.069,MEDIUM,4.0,1.0,,,8.0,1,103.6,3.108,True,-0.179,51.0,47.0,0,0,0
Italian,2023,NOR,McLaren,5.0,87.142,MEDIUM,5.0,1.0,,,8.0,1,102.0,3.06,True,-0.179,51.0,46.0,0,0,0
Italian,2023,NOR,McLaren,6.0,86.796,MEDIUM,6.0,1.0,,,8.0,1,100.4,3.012,True,-0.179,51.0,45.0,0,0,0
Italian,2023,NOR,McLaren,7.0,86.864,MEDIUM,7.0,1.0,,,8.0,1,98.8,2.964,True,-0.179,51.0,44.0,0,0,0
Italian,2023,NOR,McLaren,8.0,86.628,MEDIUM,8.0,1.0,,,8.0,1,97.2,2.916,True,-0.179,51.0,43.0,0,0,0
Italian,2023,NOR,McLaren,9.0,86.893,MEDIUM,9.0,1.0,,,8.0,1,95.6,2.868,True,-0.179,51.0,42.0,0,0,0
Italian,2023,NOR,McLaren,10.0,86.965,MEDIUM,10.0,1.0,,,8.0,1,94.0,2.82,True,-0.179,51.0,41.0,0,0,0
Italian,2023,NOR,McLaren,11.0,87.066,MEDIUM,11.0,1.0,,,8.0,1,92.4,2.772,True,-0.179,51.0,40.0,0,0,0
Italian,2023,NOR,McLaren,12.0,87.438,MEDIUM,12.0,1.0,,,8.0,1,90.8,2.724,True,-0.179,51.0,39.0,0,0,0
Italian,2023,NOR,McLaren,13.0,87.359,MEDIUM,13.0,1.0,,,8.0,1,89.2,2.676,True,-0.179,51.0,38.0,0,0,0
Italian,2023,NOR,McLaren,14.0,87.478,MEDIUM,14.0,1.0,,,8.0,1,87.6,2.628,True,-0.179,51.0,37.0,0,0,0
Italian,2023,NOR,McLaren,15.0,87.796,MEDIUM,15.0,1.0,,,7.0,1,86.0,2.58,True,-0.179,51.0,36.0,0,0,0
Italian,2023,NOR,McLaren,16.0,87.199,MEDIUM,16.0,1.0,,,7.0,1,84.4,2.532,True,-0.179,51.0,35.0,0,0,0
Italian,2023,NOR,McLaren,17.0,87.597,MEDIUM,17.0,1.0,,,7.0,1,82.8,2.484,True,-0.179,51.0,34.0,0,0,0
Italian,2023,NOR,McLaren,18.0,87.272,MEDIUM,18.0,1.0,,,7.0,1,81.2,2.436,True,-0.179,51.0,33.0,0,0,0
Italian,2023,NOR,McLaren,19.0,87.28,MEDIUM,19.0,1.0,,,7.0,1,79.6,2.388,True,-0.179,51.0,32.0,0,0,0
Italian,2023,NOR,McLaren,20.0,87.716,MEDIUM,20.0,1.0,,,5.0,1,78.0,2.34,True,-0.179,51.0,31.0,0,0,0
Italian,2023,NOR,McLaren,21.0,87.718,MEDIUM,21.0,1.0,,,3.0,1,76.4,2.292,True,-0.179,51.0,30.0,0,0,0
Italian,2023,NOR,McLaren,22.0,91.647,MEDIUM,22.0,1.0,6866.173,,4.0,1,74.8,2.244,False,-0.179,51.0,29.0,0,0,1
Italian,2023,NOR,McLaren,23.0,106.282,HARD,5.0,2.0,,6889.876,11.0,1,73.2,2.196,False,-0.2607,51.0,28.0,0,0,0
Italian,2023,NOR,McLaren,24.0,86.144,HARD,6.0,2.0,,,9.0,1,71.6,2.148,True,-0.2607,51.0,27.0,0,0,0
Italian,2023,NOR,McLaren,25.0,86.424,HARD,7.0,2.0,,,8.0,1,70.0,2.1,True,-0.2607,51.0,26.0,0,0,0
Italian,2023,NOR,McLaren,26.0,86.402,HARD,8.0,2.0,,,8.0,1,68.4,2.052,True,-0.2607,51.0,25.0,0,0,0
Italian,2023,NOR,McLaren,27.0,86.485,HARD,9.0,2.0,,,8.0,1,66.8,2.004,True,-0.2607,51.0,24.0,0,0,0
Italian,2023,NOR,McLaren,28.0,86.396,HARD,10.0,2.0,,,7.0,1,65.2,1.956,True,-0.2607,51.0,23.0,0,0,0
Italian,2023,NOR,McLaren,29.0,86.472,HARD,11.0,2.0,,,7.0,1,63.6,1.908,True,-0.2607,51.0,22.0,0,0,0
Italian,2023,NOR,McLaren,30.0,86.968,HARD,12.0,2.0,,,7.0,1,62.0,1.86,True,-0.2607,51.0,21.0,0,0,0
Italian,2023,NOR,McLaren,31.0,86.909,HARD,13.0,2.0,,,7.0,1,60.4,1.812,True,-0.2607,51.0,20.0,0,0,0
Italian,2023,NOR,McLaren,32.0,86.586,HARD,14.0,2.0,,,7.0,1,58.8,1.764,True,-0.2607,51.0,19.0,0,0,0
Italian,2023,NOR,McLaren,33.0,86.455,HARD,15.0,2.0,,,7.0,1,57.2,1.716,True,-0.2607,51.0,18.0,0,0,0
Italian,2023,NOR,McLaren,34.0,86.366,HARD,16.0,2.0,,,7.0,1,55.6,1.668,True,-0.2607,51.0,17.0,0,0,0
Italian,2023,NOR,McLaren,35.0,86.464,HARD,17.0,2.0,,,7.0,1,54.0,1.62,True,-0.2607,51.0,16.0,0,0,0
Italian,2023,NOR,McLaren,36.0,87.06,HARD,18.0,2.0,,,7.0,1,52.4,1.572,True,-0.2607,51.0,15.0,0,0,0
Italian,2023,NOR,McLaren,37.0,86.595,HARD,19.0,2.0,,,7.0,1,50.8,1.524,True,-0.2607,51.0,14.0,0,0,0
Italian,2023,NOR,McLaren,38.0,87.567,HARD,20.0,2.0,,,7.0,1,49.2,1.476,True,-0.2607,51.0,13.0,0,0,0
Italian,2023,NOR,McLaren,39.0,86.792,HARD,21.0,2.0,,,7.0,1,47.6,1.428,True,-0.2607,51.0,12.0,0,0,0
Italian,2023,NOR,McLaren,40.0,86.761,HARD,22.0,2.0,,,7.0,1,46.0,1.38,True,-0.2607,51.0,11.0,0,0,0
Italian,2023,NOR,McLaren,41.0,86.562,HARD,23.0,2.0,,,7.0,1,44.4,1.332,True,-0.2607,51.0,10.0,0,0,0
Italian,2023,NOR,McLaren,42.0,86.623,HARD,24.0,2.0,,,7.0,1,42.8,1.284,True,-0.2607,51.0,9.0,0,0,0
Italian,2023,NOR,McLaren,43.0,86.81,HARD,25.0,2.0,,,7.0,1,41.2,1.236,True,-0.2607,51.0,8.0,0,0,0
Italian,2023,NOR,McLaren,44.0,87.991,HARD,26.0,2.0,,,7.0,1,39.6,1.188,True,-0.2607,51.0,7.0,0,0,0
Italian,2023,NOR,McLaren,45.0,87.466,HARD,27.0,2.0,,,8.0,1,38.0,1.14,True,-0.2607,51.0,6.0,0,0,0
Italian,2023,NOR,McLaren,46.0,87.017,HARD,28.0,2.0,,,8.0,1,36.4,1.092,True,-0.2607,51.0,5.0,0,0,0
Italian,2023,NOR,McLaren,47.0,87.886,HARD,29.0,2.0,,,8.0,1,34.8,1.044,True,-0.2607,51.0,4.0,0,0,0
Italian,2023,NOR,McLaren,48.0,86.733,HARD,30.0,2.0,,,8.0,1,33.2,0.996,True,-0.2607,51.0,3.0,0,0,0
Italian,2023,NOR,McLaren,49.0,87.661,HARD,31.0,2.0,,,8.0,1,31.6,0.948,True,-0.2607,51.0,2.0,0,0,0
Italian,2023,NOR,McLaren,50.0,87.174,HARD,32.0,2.0,,,8.0,1,30.0,0.9,True,-0.2607,51.0,1.0,0,0,0
Italian,2023,NOR,McLaren,51.0,87.425,HARD,33.0,2.0,,,8.0,1,28.4,0.852,True,-0.2607,51.0,0.0,0,0,0
Italian,2023,LAW,AlphaTauri,1.0,93.893,MEDIUM,4.0,1.0,,,12.0,1,108.4,3.252,False,0.2234,51.0,50.0,0,0,0
Italian,2023,LAW,AlphaTauri,2.0,88.018,MEDIUM,5.0,1.0,,,12.0,1,106.8,3.204,True,0.2234,51.0,49.0,0,0,0
Italian,2023,LAW,AlphaTauri,3.0,87.657,MEDIUM,6.0,1.0,,,12.0,1,105.2,3.156,True,0.2234,51.0,48.0,0,0,0
Italian,2023,LAW,AlphaTauri,4.0,87.13,MEDIUM,7.0,1.0,,,12.0,1,103.6,3.108,True,0.2234,51.0,47.0,0,0,0
Italian,2023,LAW,AlphaTauri,5.0,87.205,MEDIUM,8.0,1.0,,,12.0,1,102.0,3.06,True,0.2234,51.0,46.0,0,0,0
Italian,2023,LAW,AlphaTauri,6.0,87.263,MEDIUM,9.0,1.0,,,12.0,1,100.4,3.012,True,0.2234,51.0,45.0,0,0,0
Italian,2023,LAW,AlphaTauri,7.0,87.154,MEDIUM,10.0,1.0,,,12.0,1,98.8,2.964,True,0.2234,51.0,44.0,0,0,0
Italian,2023,LAW,AlphaTauri,8.0,87.331,MEDIUM,11.0,1.0,,,12.0,1,97.2,2.916,True,0.2234,51.0,43.0,0,0,0
Italian,2023,LAW,AlphaTauri,9.0,87.506,MEDIUM,12.0,1.0,,,12.0,1,95.6,2.868,True,0.2234,51.0,42.0,0,0,0
Italian,2023,LAW,AlphaTauri,10.0,87.648,MEDIUM,13.0,1.0,,,12.0,1,94.0,2.82,True,0.2234,51.0,41.0,0,0,0
Italian,2023,LAW,AlphaTauri,11.0,87.892,MEDIUM,14.0,1.0,,,12.0,1,92.4,2.772,True,0.2234,51.0,40.0,0,0,0
Italian,2023,LAW,AlphaTauri,12.0,87.631,MEDIUM,15.0,1.0,,,11.0,1,90.8,2.724,True,0.2234,51.0,39.0,0,0,0
Italian,2023,LAW,AlphaTauri,13.0,92.053,MEDIUM,16.0,1.0,6086.463,,15.0,1,89.2,2.676,False,0.2234,51.0,38.0,0,0,1
Italian,2023,LAW,AlphaTauri,14.0,107.344,HARD,4.0,2.0,,6110.869,16.0,1,87.6,2.628,False,0.1163,51.0,37.0,0,0,0
Italian,2023,LAW,AlphaTauri,15.0,87.03,HARD,5.0,2.0,,,14.0,1,86.0,2.58,True,0.1163,51.0,36.0,0,0,0
Italian,2023,LAW,AlphaTauri,16.0,87.412,HARD,6.0,2.0,,,14.0,1,84.4,2.532,True,0.1163,51.0,35.0,0,0,0
Italian,2023,LAW,AlphaTauri,17.0,87.045,HARD,7.0,2.0,,,14.0,1,82.8,2.484,True,0.1163,51.0,34.0,0,0,0
Italian,2023,LAW,AlphaTauri,18.0,86.815,HARD,8.0,2.0,,,14.0,1,81.2,2.436,True,0.1163,51.0,33.0,0,0,0
Italian,2023,LAW,AlphaTauri,19.0,87.047,HARD,9.0,2.0,,,14.0,1,79.6,2.388,True,0.1163,51.0,32.0,0,0,0
Italian,2023,LAW,AlphaTauri,20.0,86.89,HARD,10.0,2.0,,,14.0,1,78.0,2.34,True,0.1163,51.0,31.0,0,0,0
Italian,2023,LAW,AlphaTauri,21.0,87.171,HARD,11.0,2.0,,,13.0,1,76.4,2.292,True,0.1163,51.0,30.0,0,0,0
Italian,2023,LAW,AlphaTauri,22.0,88.059,HARD,12.0,2.0,,,13.0,1,74.8,2.244,True,0.1163,51.0,29.0,0,0,0
Italian,2023,LAW,AlphaTauri,23.0,87.215,HARD,13.0,2.0,,,13.0,1,73.2,2.196,True,0.1163,51.0,28.0,0,0,0
Italian,2023,LAW,AlphaTauri,24.0,87.049,HARD,14.0,2.0,,,13.0,1,71.6,2.148,True,0.1163,51.0,27.0,0,0,0
Italian,2023,LAW,AlphaTauri,25.0,87.204,HARD,15.0,2.0,,,12.0,1,70.0,2.1,True,0.1163,51.0,26.0,0,0,0
Italian,2023,LAW,AlphaTauri,26.0,87.089,HARD,16.0,2.0,,,11.0,1,68.4,2.052,True,0.1163,51.0,25.0,0,0,0
Italian,2023,LAW,AlphaTauri,27.0,87.025,HARD,17.0,2.0,,,11.0,1,66.8,2.004,True,0.1163,51.0,24.0,0,0,0
Italian,2023,LAW,AlphaTauri,28.0,87.376,HARD,18.0,2.0,,,11.0,1,65.2,1.956,True,0.1163,51.0,23.0,0,0,0
Italian,2023,LAW,AlphaTauri,29.0,87.108,HARD,19.0,2.0,,,11.0,1,63.6,1.908,True,0.1163,51.0,22.0,0,0,0
Italian,2023,LAW,AlphaTauri,30.0,87.487,HARD,20.0,2.0,,,11.0,1,62.0,1.86,True,0.1163,51.0,21.0,0,0,0
Italian,2023,LAW,AlphaTauri,31.0,87.515,HARD,21.0,2.0,,,11.0,1,60.4,1.812,True,0.1163,51.0,20.0,0,0,0
Italian,2023,LAW,AlphaTauri,32.0,87.496,HARD,22.0,2.0,,,11.0,1,58.8,1.764,True,0.1163,51.0,19.0,0,0,0
Italian,2023,LAW,AlphaTauri,33.0,91.843,HARD,23.0,2.0,7855.631,,12.0,1,57.2,1.716,False,0.1163,51.0,18.0,0,0,1
Italian,2023,LAW,AlphaTauri,34.0,106.71,MEDIUM,4.0,3.0,,7879.912,16.0,1,55.6,1.668,False,-0.3845,51.0,17.0,0,0,0
Italian,2023,LAW,AlphaTauri,35.0,86.26,MEDIUM,5.0,3.0,,,16.0,1,54.0,1.62,True,-0.3845,51.0,16.0,0,0,0
Italian,2023,LAW,AlphaTauri,36.0,86.384,MEDIUM,6.0,3.0,,,16.0,1,52.4,1.572,True,-0.3845,51.0,15.0,0,0,0
Italian,2023,LAW,AlphaTauri,37.0,86.253,MEDIUM,7.0,3.0,,,16.0,1,50.8,1.524,True,-0.3845,51.0,14.0,0,0,0
Italian,2023,LAW,AlphaTauri,38.0,86.103,MEDIUM,8.0,3.0,,,16.0,1,49.2,1.476,True,-0.3845,51.0,13.0,0,0,0
Italian,2023,LAW,AlphaTauri,39.0,86.245,MEDIUM,9.0,3.0,,,15.0,1,47.6,1.428,True,-0.3845,51.0,12.0,0,0,0
Italian,2023,LAW,AlphaTauri,40.0,86.273,MEDIUM,10.0,3.0,,,14.0,1,46.0,1.38,True,-0.3845,51.0,11.0,0,0,0
Italian,2023,LAW,AlphaTauri,41.0,86.417,MEDIUM,11.0,3.0,,,14.0,1,44.4,1.332,True,-0.3845,51.0,10.0,0,0,0
Italian,2023,LAW,AlphaTauri,42.0,86.121,MEDIUM,12.0,3.0,,,13.0,1,42.8,1.284,True,-0.3845,51.0,9.0,0,0,0
Italian,2023,LAW,AlphaTauri,43.0,86.143,MEDIUM,13.0,3.0,,,13.0,1,41.2,1.236,True,-0.3845,51.0,8.0,0,0,0
Italian,2023,LAW,AlphaTauri,44.0,85.842,MEDIUM,14.0,3.0,,,12.0,1,39.6,1.188,True,-0.3845,51.0,7.0,0,0,0
Italian,2023,LAW,AlphaTauri,45.0,86.134,MEDIUM,15.0,3.0,,,12.0,1,38.0,1.14,True,-0.3845,51.0,6.0,0,0,0
Italian,2023,LAW,AlphaTauri,46.0,86.018,MEDIUM,16.0,3.0,,,12.0,1,36.4,1.092,True,-0.3845,51.0,5.0,0,0,0
Italian,2023,LAW,AlphaTauri,47.0,86.656,MEDIUM,17.0,3.0,,,12.0,1,34.8,1.044,True,-0.3845,51.0,4.0,0,0,0
Italian,2023,LAW,AlphaTauri,48.0,86.098,MEDIUM,18.0,3.0,,,12.0,1,33.2,0.996,True,-0.3845,51.0,3.0,0,0,0
Italian,2023,LAW,AlphaTauri,49.0,87.235,MEDIUM,19.0,3.0,,,13.0,1,31.6,0.948,True,-0.3845,51.0,2.0,0,0,0
Italian,2023,LAW,AlphaTauri,50.0,86.436,MEDIUM,20.0,3.0,,,12.0,1,30.0,0.9,True,-0.3845,51.0,1.0,0,0,0
Italian,2023,LAW,AlphaTauri,51.0,,MEDIUM,21.0,3.0,,,,1,28.4,0.852,False,-0.3845,51.0,0.0,0,0,0
Italian,2023,HAM,Mercedes,1.0,92.011,HARD,4.0,1.0,,,9.0,1,108.4,3.252,False,-0.2872,51.0,50.0,0,0,0
Italian,2023,HAM,Mercedes,2.0,87.837,HARD,5.0,1.0,,,9.0,1,106.8,3.204,True,-0.2872,51.0,49.0,0,0,0
Italian,2023,HAM,Mercedes,3.0,87.289,HARD,6.0,1.0,,,9.0,1,105.2,3.156,True,-0.2872,51.0,48.0,0,0,0
Italian,2023,HAM,Mercedes,4.0,87.233,HARD,7.0,1.0,,,9.0,1,103.6,3.108,True,-0.2872,51.0,47.0,0,0,0
Italian,2023,HAM,Mercedes,5.0,87.015,HARD,8.0,1.0,,,9.0,1,102.0,3.06,True,-0.2872,51.0,46.0,0,0,0
Italian,2023,HAM,Mercedes,6.0,86.711,HARD,9.0,1.0,,,9.0,1,100.4,3.012,True,-0.2872,51.0,45.0,0,0,0
Italian,2023,HAM,Mercedes,7.0,86.7,HARD,10.0,1.0,,,9.0,1,98.8,2.964,True,-0.2872,51.0,44.0,0,0,0
Italian,2023,HAM,Mercedes,8.0,86.643,HARD,11.0,1.0,,,9.0,1,97.2,2.916,True,-0.2872,51.0,43.0,0,0,0
Italian,2023,HAM,Mercedes,9.0,86.756,HARD,12.0,1.0,,,9.0,1,95.6,2.868,True,-0.2872,51.0,42.0,0,0,0
Italian,2023,HAM,Mercedes,10.0,86.995,HARD,13.0,1.0,,,9.0,1,94.0,2.82,True,-0.2872,51.0,41.0,0,0,0
Italian,2023,HAM,Mercedes,11.0,87.119,HARD,14.0,1.0,,,9.0,1,92.4,2.772,True,-0.2872,51.0,40.0,0,0,0
Italian,2023,HAM,Mercedes,12.0,87.194,HARD,15.0,1.0,,,9.0,1,90.8,2.724,True,-0.2872,51.0,39.0,0,0,0
Italian,2023,HAM,Mercedes,13.0,87.292,HARD,16.0,1.0,,,9.0,1,89.2,2.676,True,-0.2872,51.0,38.0,0,0,0
Italian,2023,HAM,Mercedes,14.0,87.526,HARD,17.0,1.0,,,9.0,1,87.6,2.628,True,-0.2872,51.0,37.0,0,0,0
Italian,2023,HAM,Mercedes,15.0,88.085,HARD,18.0,1.0,,,8.0,1,86.0,2.58,True,-0.2872,51.0,36.0,0,0,0
Italian,2023,HAM,Mercedes,16.0,87.24,HARD,19.0,1.0,,,8.0,1,84.4,2.532,True,-0.2872,51.0,35.0,0,0,0
Italian,2023,HAM,Mercedes,17.0,87.585,HARD,20.0,1.0,,,8.0,1,82.8,2.484,True,-0.2872,51.0,34.0,0,0,0
Italian,2023,HAM,Mercedes,18.0,87.279,HARD,21.0,1.0,,,8.0,1,81.2,2.436,True,-0.2872,51.0,33.0,0,0,0
Italian,2023,HAM,Mercedes,19.0,87.449,HARD,22.0,1.0,,,8.0,1,79.6,2.388,True,-0.2872,51.0,32.0,0,0,0
Italian,2023,HAM,Mercedes,20.0,87.83,HARD,23.0,1.0,,,6.0,1,78.0,2.34,True,-0.2872,51.0,31.0,0,0,0
Italian,2023,HAM,Mercedes,21.0,87.399,HARD,24.0,1.0,,,4.0,1,76.4,2.292,True,-0.2872,51.0,30.0,0,0,0
Italian,2023,HAM,Mercedes,22.0,87.154,HARD,25.0,1.0,,,2.0,1,74.8,2.244,True,-0.2872,51.0,29.0,0,0,0
Italian,2023,HAM,Mercedes,23.0,87.267,HARD,26.0,1.0,,,1.0,1,73.2,2.196,True,-0.2872,51.0,28.0,0,0,0
Italian,2023,HAM,Mercedes,24.0,87.311,HARD,27.0,1.0,,,1.0,1,71.6,2.148,True,-0.2872,51.0,27.0,0,0,0
Italian,2023,HAM,Mercedes,25.0,87.791,HARD,28.0,1.0,,,2.0,1,70.0,2.1,True,-0.2872,51.0,26.0,0,0,0
Italian,2023,HAM,Mercedes,26.0,87.407,HARD,29.0,1.0,,,2.0,1,68.4,2.052,True,-0.2872,51.0,25.0,0,0,0
Italian,2023,HAM,Mercedes,27.0,93.228,HARD,30.0,1.0,7305.387,,5.0,1,66.8,2.004,False,-0.2872,51.0,24.0,0,0,1
Italian,2023,HAM,Mercedes,28.0,105.978,MEDIUM,1.0,2.0,,7329.621,10.0,1,65.2,1.956,False,-0.1122,51.0,23.0,0,0,0
Italian,2023,HAM,Mercedes,29.0,85.582,MEDIUM,2.0,2.0,,,9.0,1,63.6,1.908,True,-0.1122,51.0,22.0,0,0,0
Italian,2023,HAM,Mercedes,30.0,86.34,MEDIUM,3.0,2.0,,,9.0,1,62.0,1.86,True,-0.1122,51.0,21.0,0,0,0
Italian,2023,HAM,Mercedes,31.0,86.404,MEDIUM,4.0,2.0,,,9.0,1,60.4,1.812,True,-0.1122,51.0,20.0,0,0,0
Italian,2023,HAM,Mercedes,32.0,86.62,MEDIUM,5.0,2.0,,,9.0,1,58.8,1.764,True,-0.1122,51.0,19.0,0,0,0
Italian,2023,HAM,Mercedes,33.0,86.584,MEDIUM,6.0,2.0,,,9.0,1,57.2,1.716,True,-0.1122,51.0,18.0,0,0,0
Italian,2023,HAM,Mercedes,34.0,86.236,MEDIUM,7.0,2.0,,,9.0,1,55.6,1.668,True,-0.1122,51.0,17.0,0,0,0
Italian,2023,HAM,Mercedes,35.0,86.016,MEDIUM,8.0,2.0,,,9.0,1,54.0,1.62,True,-0.1122,51.0,16.0,0,0,0
Italian,2023,HAM,Mercedes,36.0,86.205,MEDIUM,9.0,2.0,,,9.0,1,52.4,1.572,True,-0.1122,51.0,15.0,0,0,0
Italian,2023,HAM,Mercedes,37.0,85.999,MEDIUM,10.0,2.0,,,9.0,1,50.8,1.524,True,-0.1122,51.0,14.0,0,0,0
Italian,2023,HAM,Mercedes,38.0,86.274,MEDIUM,11.0,2.0,,,9.0,1,49.2,1.476,True,-0.1122,51.0,13.0,0,0,0
Italian,2023,HAM,Mercedes,39.0,86.249,MEDIUM,12.0,2.0,,,9.0,1,47.6,1.428,True,-0.1122,51.0,12.0,0,0,0
Italian,2023,HAM,Mercedes,40.0,86.658,MEDIUM,13.0,2.0,,,9.0,1,46.0,1.38,True,-0.1122,51.0,11.0,0,0,0
Italian,2023,HAM,Mercedes,41.0,87.501,MEDIUM,14.0,2.0,,,8.0,1,44.4,1.332,True,-0.1122,51.0,10.0,0,0,0
Italian,2023,HAM,Mercedes,42.0,86.216,MEDIUM,15.0,2.0,,,8.0,1,42.8,1.284,True,-0.1122,51.0,9.0,0,0,0
Italian,2023,HAM,Mercedes,43.0,86.093,MEDIUM,16.0,2.0,,,8.0,1,41.2,1.236,True,-0.1122,51.0,8.0,0,0,0
Italian,2023,HAM,Mercedes,44.0,87.152,MEDIUM,17.0,2.0,,,8.0,1,39.6,1.188,True,-0.1122,51.0,7.0,0,0,0
Italian,2023,HAM,Mercedes,45.0,86.333,MEDIUM,18.0,2.0,,,7.0,1,38.0,1.14,True,-0.1122,51.0,6.0,0,0,0
Italian,2023,HAM,Mercedes,46.0,87.193,MEDIUM,19.0,2.0,,,7.0,1,36.4,1.092,True,-0.1122,51.0,5.0,0,0,0
Italian,2023,HAM,Mercedes,47.0,86.12,MEDIUM,20.0,2.0,,,6.0,1,34.8,1.044,True,-0.1122,51.0,4.0,0,0,0
Italian,2023,HAM,Mercedes,48.0,85.815,MEDIUM,21.0,2.0,,,6.0,1,33.2,0.996,True,-0.1122,51.0,3.0,0,0,0
Italian,2023,HAM,Mercedes,49.0,85.888,MEDIUM,22.0,2.0,,,6.0,1,31.6,0.948,True,-0.1122,51.0,2.0,0,0,0
Italian,2023,HAM,Mercedes,50.0,85.927,MEDIUM,23.0,2.0,,,6.0,1,30.0,0.9,True,-0.1122,51.0,1.0,0,0,0
Italian,2023,HAM,Mercedes,51.0,86.093,MEDIUM,24.0,2.0,,,6.0,1,28.4,0.852,True,-0.1122,51.0,0.0,0,0,0
Italian,2023,SAI,Ferrari,1.0,87.117,MEDIUM,1.0,1.0,,,1.0,1,108.4,3.252,False,-0.1998,51.0,50.0,0,0,0
Italian,2023,SAI,Ferrari,2.0,86.006,MEDIUM,2.0,1.0,,,1.0,1,106.8,3.204,True,-0.1998,51.0,49.0,0,0,0
Italian,2023,SAI,Ferrari,3.0,85.976,MEDIUM,3.0,1.0,,,1.0,1,105.2,3.156,True,-0.1998,51.0,48.0,0,0,0
Italian,2023,SAI,Ferrari,4.0,86.067,MEDIUM,4.0,1.0,,,1.0,1,103.6,3.108,True,-0.1998,51.0,47.0,0,0,0
Italian,2023,SAI,Ferrari,5.0,86.423,MEDIUM,5.0,1.0,,,1.0,1,102.0,3.06,True,-0.1998,51.0,46.0,0,0,0
Italian,2023,SAI,Ferrari,6.0,86.615,MEDIUM,6.0,1.0,,,1.0,1,100.4,3.012,True,-0.1998,51.0,45.0,0,0,0
Italian,2023,SAI,Ferrari,7.0,86.358,MEDIUM,7.0,1.0,,,1.0,1,98.8,2.964,True,-0.1998,51.0,44.0,0,0,0
Italian,2023,SAI,Ferrari,8.0,86.224,MEDIUM,8.0,1.0,,,1.0,1,97.2,2.916,True,-0.1998,51.0,43.0,0,0,0
Italian,2023,SAI,Ferrari,9.0,86.476,MEDIUM,9.0,1.0,,,1.0,1,95.6,2.868,True,-0.1998,51.0,42.0,0,0,0
Italian,2023,SAI,Ferrari,10.0,86.511,MEDIUM,10.0,1.0,,,1.0,1,94.0,2.82,True,-0.1998,51.0,41.0,0,0,0
Italian,2023,SAI,Ferrari,11.0,86.691,MEDIUM,11.0,1.0,,,1.0,1,92.4,2.772,True,-0.1998,51.0,40.0,0,0,0
Italian,2023,SAI,Ferrari,12.0,86.408,MEDIUM,12.0,1.0,,,1.0,1,90.8,2.724,True,-0.1998,51.0,39.0,0,0,0
Italian,2023,SAI,Ferrari,13.0,86.887,MEDIUM,13.0,1.0,,,1.0,1,89.2,2.676,True,-0.1998,51.0,38.0,0,0,0
Italian,2023,SAI,Ferrari,14.0,86.972,MEDIUM,14.0,1.0,,,1.0,1,87.6,2.628,True,-0.1998,51.0,37.0,0,0,0
Italian,2023,SAI,Ferrari,15.0,88.219,MEDIUM,15.0,1.0,,,2.0,1,86.0,2.58,True,-0.1998,51.0,36.0,0,0,0
Italian,2023,SAI,Ferrari,16.0,87.323,MEDIUM,16.0,1.0,,,2.0,1,84.4,2.532,True,-0.1998,51.0,35.0,0,0,0
Italian,2023,SAI,Ferrari,17.0,87.721,MEDIUM,17.0,1.0,,,2.0,1,82.8,2.484,True,-0.1998,51.0,34.0,0,0,0
Italian,2023,SAI,Ferrari,18.0,87.512,MEDIUM,18.0,1.0,,,2.0,1,81.2,2.436,True,-0.1998,51.0,33.0,0,0,0
Italian,2023,SAI,Ferrari,19.0,91.912,MEDIUM,19.0,1.0,6591.504,,4.0,1,79.6,2.388,False,-0.1998,51.0,32.0,0,0,1
Italian,2023,SAI,Ferrari,20.0,106.762,HARD,1.0,2.0,,6616.676,8.0,1,78.0,2.34,False,-0.0519,51.0,31.0,0,0,0
Italian,2023,SAI,Ferrari,21.0,86.146,HARD,2.0,2.0,,,7.0,1,76.4,2.292,True,-0.0519,51.0,30.0,0,0,0
Italian,2023,SAI,Ferrari,22.0,85.558,HARD,3.0,2.0,,,5.0,1,74.8,2.244,True,-0.0519,51.0,29.0,0,0,0
Italian,2023,SAI,Ferrari,23.0,85.793,HARD,4.0,2.0,,,4.0,1,73.2,2.196,True,-0.0519,51.0,28.0,0,0,0
Italian,2023,SAI,Ferrari,24.0,85.902,HARD,5.0,2.0,,,3.0,1,71.6,2.148,True,-0.0519,51.0,27.0,0,0,0
Italian,2023,SAI,Ferrari,25.0,86.005,HARD,6.0,2.0,,,3.0,1,70.0,2.1,True,-0.0519,51.0,26.0,0,0,0
Italian,2023,SAI,Ferrari,26.0,85.836,HARD,7.0,2.0,,,3.0,1,68.4,2.052,True,-0.0519,51.0,25.0,0,0,0
Italian,2023,SAI,Ferrari,27.0,86.165,HARD,8.0,2.0,,,2.0,1,66.8,2.004,True,-0.0519,51.0,24.0,0,0,0
Italian,2023,SAI,Ferrari,28.0,85.77,HARD,9.0,2.0,,,2.0,1,65.2,1.956,True,-0.0519,51.0,23.0,0,0,0
Italian,2023,SAI,Ferrari,29.0,85.72,HARD,10.0,2.0,,,2.0,1,63.6,1.908,True,-0.0519,51.0,22.0,0,0,0
Italian,2023,SAI,Ferrari,30.0,85.501,HARD,11.0,2.0,,,2.0,1,62.0,1.86,True,-0.0519,51.0,21.0,0,0,0
Italian,2023,SAI,Ferrari,31.0,85.718,HARD,12.0,2.0,,,2.0,1,60.4,1.812,True,-0.0519,51.0,20.0,0,0,0
Italian,2023,SAI,Ferrari,32.0,85.896,HARD,13.0,2.0,,,2.0,1,58.8,1.764,True,-0.0519,51.0,19.0,0,0,0
Italian,2023,SAI,Ferrari,33.0,85.926,HARD,14.0,2.0,,,2.0,1,57.2,1.716,True,-0.0519,51.0,18.0,0,0,0
Italian,2023,SAI,Ferrari,34.0,86.126,HARD,15.0,2.0,,,2.0,1,55.6,1.668,True,-0.0519,51.0,17.0,0,0,0
Italian,2023,SAI,Ferrari,35.0,85.789,HARD,16.0,2.0,,,2.0,1,54.0,1.62,True,-0.0519,51.0,16.0,0,0,0
Italian,2023,SAI,Ferrari,36.0,86.011,HARD,17.0,2.0,,,2.0,1,52.4,1.572,True,-0.0519,51.0,15.0,0,0,0
Italian,2023,SAI,Ferrari,37.0,85.886,HARD,18.0,2.0,,,2.0,1,50.8,1.524,True,-0.0519,51.0,14.0,0,0,0
Italian,2023,SAI,Ferrari,38.0,85.705,HARD,19.0,2.0,,,2.0,1,49.2,1.476,True,-0.0519,51.0,13.0,0,0,0
Italian,2023,SAI,Ferrari,39.0,85.924,HARD,20.0,2.0,,,2.0,1,47.6,1.428,True,-0.0519,51.0,12.0,0,0,0
Italian,2023,SAI,Ferrari,40.0,86.122,HARD,21.0,2.0,,,2.0,1,46.0,1.38,True,-0.0519,51.0,11.0,0,0,0
Italian,2023,SAI,Ferrari,41.0,86.738,HARD,22.0,2.0,,,2.0,1,44.4,1.332,True,-0.0519,51.0,10.0,0,0,0
Italian,2023,SAI,Ferrari,42.0,86.479,HARD,23.0,2.0,,,2.0,1,42.8,1.284,True,-0.0519,51.0,9.0,0,0,0
Italian,2023,SAI,Ferrari,43.0,86.589,HARD,24.0,2.0,,,2.0,1,41.2,1.236,True,-0.0519,51.0,8.0,0,0,0
Italian,2023,SAI,Ferrari,44.0,86.43,HARD,25.0,2.0,,,2.0,1,39.6,1.188,True,-0.0519,51.0,7.0,0,0,0
Italian,2023,SAI,Ferrari,45.0,86.632,HARD,26.0,2.0,,,2.0,1,38.0,1.14,True,-0.0519,51.0,6.0,0,0,0
Italian,2023,SAI,Ferrari,46.0,87.303,HARD,27.0,2.0,,,3.0,1,36.4,1.092,True,-0.0519,51.0,5.0,0,0,0
Italian,2023,SAI,Ferrari,47.0,87.096,HARD,28.0,2.0,,,3.0,1,34.8,1.044,True,-0.0519,51.0,4.0,0,0,0
Italian,2023,SAI,Ferrari,48.0,86.8,HARD,29.0,2.0,,,3.0,1,33.2,0.996,True,-0.0519,51.0,3.0,0,0,0
Italian,2023,SAI,Ferrari,49.0,86.77,HARD,30.0,2.0,,,3.0,1,31.6,0.948,True,-0.0519,51.0,2.0,0,0,0
Italian,2023,SAI,Ferrari,50.0,86.776,HARD,31.0,2.0,,,3.0,1,30.0,0.9,True,-0.0519,51.0,1.0,0,0,0
Italian,2023,SAI,Ferrari,51.0,87.044,HARD,32.0,2.0,,,3.0,1,28.4,0.852,True,-0.0519,51.0,0.0,0,0,0
Italian,2023,RUS,Mercedes,1.0,89.339,MEDIUM,1.0,1.0,,,4.0,1,108.4,3.252,False,-0.2473,51.0,50.0,0,0,0
Italian,2023,RUS,Mercedes,2.0,86.686,MEDIUM,2.0,1.0,,,4.0,1,106.8,3.204,True,-0.2473,51.0,49.0,0,0,0
Italian,2023,RUS,Mercedes,3.0,86.176,MEDIUM,3.0,1.0,,,4.0,1,105.2,3.156,True,-0.2473,51.0,48.0,0,0,0
Italian,2023,RUS,Mercedes,4.0,86.178,MEDIUM,4.0,1.0,,,4.0,1,103.6,3.108,True,-0.2473,51.0,47.0,0,0,0
Italian,2023,RUS,Mercedes,5.0,86.249,MEDIUM,5.0,1.0,,,4.0,1,102.0,3.06,True,-0.2473,51.0,46.0,0,0,0
Italian,2023,RUS,Mercedes,6.0,86.515,MEDIUM,6.0,1.0,,,4.0,1,100.4,3.012,True,-0.2473,51.0,45.0,0,0,0
Italian,2023,RUS,Mercedes,7.0,86.515,MEDIUM,7.0,1.0,,,4.0,1,98.8,2.964,True,-0.2473,51.0,44.0,0,0,0
Italian,2023,RUS,Mercedes,8.0,86.594,MEDIUM,8.0,1.0,,,4.0,1,97.2,2.916,True,-0.2473,51.0,43.0,0,0,0
Italian,2023,RUS,Mercedes,9.0,86.71,MEDIUM,9.0,1.0,,,4.0,1,95.6,2.868,True,-0.2473,51.0,42.0,0,0,0
Italian,2023,RUS,Mercedes,10.0,86.655,MEDIUM,10.0,1.0,,,4.0,1,94.0,2.82,True,-0.2473,51.0,41.0,0,0,0
Italian,2023,RUS,Mercedes,11.0,87.186,MEDIUM,11.0,1.0,,,4.0,1,92.4,2.772,True,-0.2473,51.0,40.0,0,0,0
Italian,2023,RUS,Mercedes,12.0,87.044,MEDIUM,12.0,1.0,,,4.0,1,90.8,2.724,True,-0.2473,51.0,39.0,0,0,0
Italian,2023,RUS,Mercedes,13.0,86.962,MEDIUM,13.0,1.0,,,4.0,1,89.2,2.676,True,-0.2473,51.0,38.0,0,0,0
Italian,2023,RUS,Mercedes,14.0,87.285,MEDIUM,14.0,1.0,,,4.0,1,87.6,2.628,True,-0.2473,51.0,37.0,0,0,0
Italian,2023,RUS,Mercedes,15.0,87.005,MEDIUM,15.0,1.0,,,4.0,1,86.0,2.58,True,-0.2473,51.0,36.0,0,0,0
Italian,2023,RUS,Mercedes,16.0,87.976,MEDIUM,16.0,1.0,,,5.0,1,84.4,2.532,True,-0.2473,51.0,35.0,0,0,0
Italian,2023,RUS,Mercedes,17.0,87.055,MEDIUM,17.0,1.0,,,5.0,1,82.8,2.484,True,-0.2473,51.0,34.0,0,0,0
Italian,2023,RUS,Mercedes,18.0,87.383,MEDIUM,18.0,1.0,,,5.0,1,81.2,2.436,True,-0.2473,51.0,33.0,0,0,0
Italian,2023,RUS,Mercedes,19.0,91.885,MEDIUM,19.0,1.0,6595.551,,5.0,1,79.6,2.388,False,-0.2473,51.0,32.0,0,0,1
Italian,2023,RUS,Mercedes,20.0,105.31,HARD,4.0,2.0,,6619.692,10.0,1,78.0,2.34,False,-0.2932,51.0,31.0,0,0,0
Italian,2023,RUS,Mercedes,21.0,86.456,HARD,5.0,2.0,,,9.0,1,76.4,2.292,True,-0.2932,51.0,30.0,0,0,0
Italian,2023,RUS,Mercedes,22.0,86.715,HARD,6.0,2.0,,,8.0,1,74.8,2.244,True,-0.2932,51.0,29.0,0,0,0
Italian,2023,RUS,Mercedes,23.0,86.605,HARD,7.0,2.0,,,7.0,1,73.2,2.196,True,-0.2932,51.0,28.0,0,0,0
Italian,2023,RUS,Mercedes,24.0,86.671,HARD,8.0,2.0,,,6.0,1,71.6,2.148,True,-0.2932,51.0,27.0,0,0,0
Italian,2023,RUS,Mercedes,25.0,86.32,HARD,9.0,2.0,,,6.0,1,70.0,2.1,True,-0.2932,51.0,26.0,0,0,0
Italian,2023,RUS,Mercedes,26.0,86.41,HARD,10.0,2.0,,,6.0,1,68.4,2.052,True,-0.2932,51.0,25.0,0,0,0
Italian,2023,RUS,Mercedes,27.0,86.184,HARD,11.0,2.0,,,6.0,1,66.8,2.004,True,-0.2932,51.0,24.0,0,0,0
Italian,2023,RUS,Mercedes,28.0,86.284,HARD,12.0,2.0,,,5.0,1,65.2,1.956,True,-0.2932,51.0,23.0,0,0,0
Italian,2023,RUS,Mercedes,29.0,86.14,HARD,13.0,2.0,,,5.0,1,63.6,1.908,True,-0.2932,51.0,22.0,0,0,0
Italian,2023,RUS,Mercedes,30.0,85.966,HARD,14.0,2.0,,,5.0,1,62.0,1.86,True,-0.2932,51.0,21.0,0,0,0
Italian,2023,RUS,Mercedes,31.0,86.148,HARD,15.0,2.0,,,5.0,1,60.4,1.812,True,-0.2932,51.0,20.0,0,0,0
Italian,2023,RUS,Mercedes,32.0,86.059,HARD,16.0,2.0,,,5.0,1,58.8,1.764,True,-0.2932,51.0,19.0,0,0,0
Italian,2023,RUS,Mercedes,33.0,86.161,HARD,17.0,2.0,,,5.0,1,57.2,1.716,True,-0.2932,51.0,18.0,0,0,0
Italian,2023,RUS,Mercedes,34.0,86.119,HARD,18.0,2.0,,,5.0,1,55.6,1.668,True,-0.2932,51.0,17.0,0,0,0
Italian,2023,RUS,Mercedes,35.0,86.189,HARD,19.0,2.0,,,5.0,1,54.0,1.62,True,-0.2932,51.0,16.0,0,0,0
Italian,2023,RUS,Mercedes,36.0,86.371,HARD,20.0,2.0,,,5.0,1,52.4,1.572,True,-0.2932,51.0,15.0,0,0,0
Italian,2023,RUS,Mercedes,37.0,85.997,HARD,21.0,2.0,,,5.0,1,50.8,1.524,True,-0.2932,51.0,14.0,0,0,0
Italian,2023,RUS,Mercedes,38.0,85.847,HARD,22.0,2.0,,,5.0,1,49.2,1.476,True,-0.2932,51.0,13.0,0,0,0
Italian,2023,RUS,Mercedes,39.0,86.21,HARD,23.0,2.0,,,5.0,1,47.6,1.428,True,-0.2932,51.0,12.0,0,0,0
Italian,2023,RUS,Mercedes,40.0,86.244,HARD,24.0,2.0,,,5.0,1,46.0,1.38,True,-0.2932,51.0,11.0,0,0,0
Italian,2023,RUS,Mercedes,41.0,86.614,HARD,25.0,2.0,,,5.0,1,44.4,1.332,True,-0.2932,51.0,10.0,0,0,0
Italian,2023,RUS,Mercedes,42.0,86.335,HARD,26.0,2.0,,,5.0,1,42.8,1.284,True,-0.2932,51.0,9.0,0,0,0
Italian,2023,RUS,Mercedes,43.0,86.426,HARD,27.0,2.0,,,5.0,1,41.2,1.236,True,-0.2932,51.0,8.0,0,0,0
Italian,2023,RUS,Mercedes,44.0,86.336,HARD,28.0,2.0,,,5.0,1,39.6,1.188,True,-0.2932,51.0,7.0,0,0,0
Italian,2023,RUS,Mercedes,45.0,86.394,HARD,29.0,2.0,,,5.0,1,38.0,1.14,True,-0.2932,51.0,6.0,0,0,0
Italian,2023,RUS,Mercedes,46.0,86.458,HARD,30.0,2.0,,,5.0,1,36.4,1.092,True,-0.2932,51.0,5.0,0,0,0
Italian,2023,RUS,Mercedes,47.0,86.64,HARD,31.0,2.0,,,5.0,1,34.8,1.044,True,-0.2932,51.0,4.0,0,0,0
Italian,2023,RUS,Mercedes,48.0,86.287,HARD,32.0,2.0,,,5.0,1,33.2,0.996,True,-0.2932,51.0,3.0,0,0,0
Italian,2023,RUS,Mercedes,49.0,86.375,HARD,33.0,2.0,,,5.0,1,31.6,0.948,True,-0.2932,51.0,2.0,0,0,0
Italian,2023,RUS,Mercedes,50.0,86.874,HARD,34.0,2.0,,,5.0,1,30.0,0.9,True,-0.2932,51.0,1.0,0,0,0
Italian,2023,RUS,Mercedes,51.0,86.628,HARD,35.0,2.0,,,5.0,1,28.4,0.852,True,-0.2932,51.0,0.0,0,0,0
Italian,2023,BOT,Alfa Romeo,1.0,94.811,HARD,4.0,1.0,,,14.0,1,108.4,3.252,False,-0.0484,51.0,50.0,0,0,0
Italian,2023,BOT,Alfa Romeo,2.0,88.032,HARD,5.0,1.0,,,14.0,1,106.8,3.204,True,-0.0484,51.0,49.0,0,0,0
Italian,2023,BOT,Alfa Romeo,3.0,87.95,HARD,6.0,1.0,,,14.0,1,105.2,3.156,True,-0.0484,51.0,48.0,0,0,0
Italian,2023,BOT,Alfa Romeo,4.0,87.119,HARD,7.0,1.0,,,14.0,1,103.6,3.108,True,-0.0484,51.0,47.0,0,0,0
Italian,2023,BOT,Alfa Romeo,5.0,87.575,HARD,8.0,1.0,,,14.0,1,102.0,3.06,True,-0.0484,51.0,46.0,0,0,0
Italian,2023,BOT,Alfa Romeo,6.0,87.15,HARD,9.0,1.0,,,14.0,1,100.4,3.012,True,-0.0484,51.0,45.0,0,0,0
Italian,2023,BOT,Alfa Romeo,7.0,87.36,HARD,10.0,1.0,,,14.0,1,98.8,2.964,True,-0.0484,51.0,44.0,0,0,0
Italian,2023,BOT,Alfa Romeo,8.0,87.227,HARD,11.0,1.0,,,14.0,1,97.2,2.916,True,-0.0484,51.0,43.0,0,0,0
Italian,2023,BOT,Alfa Romeo,9.0,87.265,HARD,12.0,1.0,,,14.0,1,95.6,2.868,True,-0.0484,51.0,42.0,0,0,0
Italian,2023,BOT,Alfa Romeo,10.0,87.863,HARD,13.0,1.0,,,14.0,1,94.0,2.82,True,-0.0484,51.0,41.0,0,0,0
Italian,2023,BOT,Alfa Romeo,11.0,87.693,HARD,14.0,1.0,,,14.0,1,92.4,2.772,True,-0.0484,51.0,40.0,0,0,0
Italian,2023,BOT,Alfa Romeo,12.0,88.716,HARD,15.0,1.0,,,14.0,1,90.8,2.724,True,-0.0484,51.0,39.0,0,0,0
Italian,2023,BOT,Alfa Romeo,13.0,88.007,HARD,16.0,1.0,,,13.0,1,89.2,2.676,True,-0.0484,51.0,38.0,0,0,0
Italian,2023,BOT,Alfa Romeo,14.0,87.991,HARD,17.0,1.0,,,11.0,1,87.6,2.628,True,-0.0484,51.0,37.0,0,0,0
Italian,2023,BOT,Alfa Romeo,15.0,87.427,HARD,18.0,1.0,,,11.0,1,86.0,2.58,True,-0.0484,51.0,36.0,0,0,0
Italian,2023,BOT,Alfa Romeo,16.0,87.824,HARD,19.0,1.0,,,10.0,1,84.4,2.532,True,-0.0484,51.0,35.0,0,0,0
Italian,2023,BOT,Alfa Romeo,17.0,87.47,HARD,20.0,1.0,,,10.0,1,82.8,2.484,True,-0.0484,51.0,34.0,0,0,0
Italian,2023,BOT,Alfa Romeo,18.0,87.634,HARD,21.0,1.0,,,10.0,1,81.2,2.436,True,-0.0484,51.0,33.0,0,0,0
Italian,2023,BOT,Alfa Romeo,19.0,87.725,HARD,22.0,1.0,,,10.0,1,79.6,2.388,True,-0.0484,51.0,32.0,0,0,0
Italian,2023,BOT,Alfa Romeo,20.0,88.438,HARD,23.0,1.0,,,9.0,1,78.0,2.34,True,-0.0484,51.0,31.0,0,0,0
Italian,2023,BOT,Alfa Romeo,21.0,89.044,HARD,24.0,1.0,,,10.0,1,76.4,2.292,True,-0.0484,51.0,30.0,0,0,0
Italian,2023,BOT,Alfa Romeo,22.0,88.116,HARD,25.0,1.0,,,9.0,1,74.8,2.244,True,-0.0484,51.0,29.0,0,0,0
Italian,2023,BOT,Alfa Romeo,23.0,88.123,HARD,26.0,1.0,,,8.0,1,73.2,2.196,True,-0.0484,51.0,28.0,0,0,0
Italian,2023,BOT,Alfa Romeo,24.0,88.022,HARD,27.0,1.0,,,7.0,1,71.6,2.148,True,-0.0484,51.0,27.0,0,0,0
Italian,2023,BOT,Alfa Romeo,25.0,92.814,HARD,28.0,1.0,7145.467,,9.0,1,70.0,2.1,False,-0.0484,51.0,26.0,0,0,1
Italian,2023,BOT,Alfa Romeo,26.0,106.575,MEDIUM,4.0,2.0,,7170.123,16.0,1,68.4,2.052,False,-1.346,51.0,25.0,0,0,0
Italian,2023,BOT,Alfa Romeo,27.0,85.988,MEDIUM,5.0,2.0,,,16.0,1,66.8,2.004,True,-1.346,51.0,24.0,0,0,0
Italian,2023,BOT,Alfa Romeo,28.0,86.486,MEDIUM,6.0,2.0,,,16.0,1,65.2,1.956,True,-1.346,51.0,23.0,0,0,0
Italian,2023,BOT,Alfa Romeo,29.0,86.201,MEDIUM,7.0,2.0,,,16.0,1,63.6,1.908,True,-1.346,51.0,22.0,0,0,0
Italian,2023,BOT,Alfa Romeo,30.0,86.643,MEDIUM,8.0,2.0,,,16.0,1,62.0,1.86,True,-1.346,51.0,21.0,0,0,0
Italian,2023,BOT,Alfa Romeo,31.0,86.648,MEDIUM,9.0,2.0,,,15.0,1,60.4,1.812,True,-1.346,51.0,20.0,0,0,0
Italian,2023,BOT,Alfa Romeo,32.0,86.606,MEDIUM,10.0,2.0,,,15.0,1,58.8,1.764,True,-1.346,51.0,19.0,0,0,0
Italian,2023,BOT,Alfa Romeo,33.0,86.873,MEDIUM,11.0,2.0,,,13.0,1,57.2,1.716,True,-1.346,51.0,18.0,0,0,0
Italian,2023,BOT,Alfa Romeo,34.0,86.621,MEDIUM,12.0,2.0,,,12.0,1,55.6,1.668,True,-1.346,51.0,17.0,0,0,0
Italian,2023,BOT,Alfa Romeo,35.0,86.523,MEDIUM,13.0,2.0,,,12.0,1,54.0,1.62,True,-1.346,51.0,16.0,0,0,0
Italian,2023,BOT,Alfa Romeo,36.0,86.782,MEDIUM,14.0,2.0,,,12.0,1,52.4,1.572,True,-1.346,51.0,15.0,0,0,0
Italian,2023,BOT,Alfa Romeo,37.0,86.545,MEDIUM,15.0,2.0,,,12.0,1,50.8,1.524,True,-1.346,51.0,14.0,0,0,0
Italian,2023,BOT,Alfa Romeo,38.0,87.093,MEDIUM,16.0,2.0,,,12.0,1,49.2,1.476,True,-1.346,51.0,13.0,0,0,0
Italian,2023,BOT,Alfa Romeo,39.0,86.981,MEDIUM,17.0,2.0,,,12.0,1,47.6,1.428,True,-1.346,51.0,12.0,0,0,0
Italian,2023,BOT,Alfa Romeo,40.0,87.862,MEDIUM,18.0,2.0,,,12.0,1,46.0,1.38,True,-1.346,51.0,11.0,0,0,0
Italian,2023,BOT,Alfa Romeo,41.0,87.203,MEDIUM,19.0,2.0,,,12.0,1,44.4,1.332,True,-1.346,51.0,10.0,0,0,0
Italian,2023,BOT,Alfa Romeo,42.0,86.864,MEDIUM,20.0,2.0,,,11.0,1,42.8,1.284,True,-1.346,51.0,9.0,0,0,0
Italian,2023,BOT,Alfa Romeo,43.0,87.753,MEDIUM,21.0,2.0,,,10.0,1,41.2,1.236,True,-1.346,51.0,8.0,0,0,0
Italian,2023,BOT,Alfa Romeo,44.0,86.962,MEDIUM,22.0,2.0,,,10.0,1,39.6,1.188,True,-1.346,51.0,7.0,0,0,0
Italian,2023,BOT,Alfa Romeo,45.0,86.889,MEDIUM,23.0,2.0,,,10.0,1,38.0,1.14,True,-1.346,51.0,6.0,0,0,0
Italian,2023,BOT,Alfa Romeo,46.0,86.806,MEDIUM,24.0,2.0,,,10.0,1,36.4,1.092,True,-1.346,51.0,5.0,0,0,0
Italian,2023,BOT,Alfa Romeo,47.0,86.736,MEDIUM,25.0,2.0,,,10.0,1,34.8,1.044,True,-1.346,51.0,4.0,0,0,0
Italian,2023,BOT,Alfa Romeo,48.0,87.005,MEDIUM,26.0,2.0,,,10.0,1,33.2,0.996,True,-1.346,51.0,3.0,0,0,0
Italian,2023,BOT,Alfa Romeo,49.0,87.134,MEDIUM,27.0,2.0,,,10.0,1,31.6,0.948,True,-1.346,51.0,2.0,0,0,0
Italian,2023,BOT,Alfa Romeo,50.0,86.95,MEDIUM,28.0,2.0,,,10.0,1,30.0,0.9,True,-1.346,51.0,1.0,0,0,0
Italian,2023,BOT,Alfa Romeo,51.0,,MEDIUM,29.0,2.0,,,,1,28.4,0.852,False,-1.346,51.0,0.0,0,0,0
Italian,2023,PIA,McLaren,1.0,90.315,MEDIUM,1.0,1.0,,,6.0,1,108.4,3.252,False,-0.3225,51.0,50.0,0,0,0
Italian,2023,PIA,McLaren,2.0,88.053,MEDIUM,2.0,1.0,,,7.0,1,106.8,3.204,True,-0.3225,51.0,49.0,0,0,0
Italian,2023,PIA,McLaren,3.0,86.982,MEDIUM,3.0,1.0,,,7.0,1,105.2,3.156,True,-0.3225,51.0,48.0,0,0,0
Italian,2023,PIA,McLaren,4.0,87.004,MEDIUM,4.0,1.0,,,7.0,1,103.6,3.108,True,-0.3225,51.0,47.0,0,0,0
Italian,2023,PIA,McLaren,5.0,86.909,MEDIUM,5.0,1.0,,,7.0,1,102.0,3.06,True,-0.3225,51.0,46.0,0,0,0
Italian,2023,PIA,McLaren,6.0,86.878,MEDIUM,6.0,1.0,,,7.0,1,100.4,3.012,True,-0.3225,51.0,45.0,0,0,0
Italian,2023,PIA,McLaren,7.0,86.94,MEDIUM,7.0,1.0,,,7.0,1,98.8,2.964,True,-0.3225,51.0,44.0,0,0,0
Italian,2023,PIA,McLaren,8.0,86.85,MEDIUM,8.0,1.0,,,7.0,1,97.2,2.916,True,-0.3225,51.0,43.0,0,0,0
Italian,2023,PIA,McLaren,9.0,86.864,MEDIUM,9.0,1.0,,,7.0,1,95.6,2.868,True,-0.3225,51.0,42.0,0,0,0
Italian,2023,PIA,McLaren,10.0,86.823,MEDIUM,10.0,1.0,,,7.0,1,94.0,2.82,True,-0.3225,51.0,41.0,0,0,0
Italian,2023,PIA,McLaren,11.0,87.217,MEDIUM,11.0,1.0,,,7.0,1,92.4,2.772,True,-0.3225,51.0,40.0,0,0,0
Italian,2023,PIA,McLaren,12.0,87.454,MEDIUM,12.0,1.0,,,7.0,1,90.8,2.724,True,-0.3225,51.0,39.0,0,0,0
Italian,2023,PIA,McLaren,13.0,87.518,MEDIUM,13.0,1.0,,,7.0,1,89.2,2.676,True,-0.3225,51.0,38.0,0,0,0
Italian,2023,PIA,McLaren,14.0,87.371,MEDIUM,14.0,1.0,,,7.0,1,87.6,2.628,True,-0.3225,51.0,37.0,0,0,0
Italian,2023,PIA,McLaren,15.0,87.738,MEDIUM,15.0,1.0,,,6.0,1,86.0,2.58,True,-0.3225,51.0,36.0,0,0,0
Italian,2023,PIA,McLaren,16.0,87.201,MEDIUM,16.0,1.0,,,6.0,1,84.4,2.532,True,-0.3225,51.0,35.0,0,0,0
Italian,2023,PIA,McLaren,17.0,87.44,MEDIUM,17.0,1.0,,,6.0,1,82.8,2.484,True,-0.3225,51.0,34.0,0,0,0
Italian,2023,PIA,McLaren,18.0,87.398,MEDIUM,18.0,1.0,,,6.0,1,81.2,2.436,True,-0.3225,51.0,33.0,0,0,0
Italian,2023,PIA,McLaren,19.0,87.352,MEDIUM,19.0,1.0,,,6.0,1,79.6,2.388,True,-0.3225,51.0,32.0,0,0,0
Italian,2023,PIA,McLaren,20.0,87.746,MEDIUM,20.0,1.0,,,4.0,1,78.0,2.34,True,-0.3225,51.0,31.0,0,0,0
Italian,2023,PIA,McLaren,21.0,87.587,MEDIUM,21.0,1.0,,,2.0,1,76.4,2.292,True,-0.3225,51.0,30.0,0,0,0
Italian,2023,PIA,McLaren,22.0,87.419,MEDIUM,22.0,1.0,,,1.0,1,74.8,2.244,True,-0.3225,51.0,29.0,0,0,0
Italian,2023,PIA,McLaren,23.0,91.866,MEDIUM,23.0,1.0,6952.969,,3.0,1,73.2,2.196,False,-0.3225,51.0,28.0,0,0,1
Italian,2023,PIA,McLaren,24.0,106.854,HARD,6.0,2.0,,6977.109,10.0,1,71.6,2.148,False,-0.2189,51.0,27.0,0,0,0
Italian,2023,PIA,McLaren,25.0,86.411,HARD,7.0,2.0,,,10.0,1,70.0,2.1,True,-0.2189,51.0,26.0,0,0,0
Italian,2023,PIA,McLaren,26.0,86.287,HARD,8.0,2.0,,,9.0,1,68.4,2.052,True,-0.2189,51.0,25.0,0,0,0
Italian,2023,PIA,McLaren,27.0,86.248,HARD,9.0,2.0,,,9.0,1,66.8,2.004,True,-0.2189,51.0,24.0,0,0,0
Italian,2023,PIA,McLaren,28.0,86.611,HARD,10.0,2.0,,,8.0,1,65.2,1.956,True,-0.2189,51.0,23.0,0,0,0
Italian,2023,PIA,McLaren,29.0,86.132,HARD,11.0,2.0,,,8.0,1,63.6,1.908,True,-0.2189,51.0,22.0,0,0,0
Italian,2023,PIA,McLaren,30.0,87.074,HARD,12.0,2.0,,,8.0,1,62.0,1.86,True,-0.2189,51.0,21.0,0,0,0
Italian,2023,PIA,McLaren,31.0,86.86,HARD,13.0,2.0,,,8.0,1,60.4,1.812,True,-0.2189,51.0,20.0,0,0,0
Italian,2023,PIA,McLaren,32.0,86.746,HARD,14.0,2.0,,,8.0,1,58.8,1.764,True,-0.2189,51.0,19.0,0,0,0
Italian,2023,PIA,McLaren,33.0,86.445,HARD,15.0,2.0,,,8.0,1,57.2,1.716,True,-0.2189,51.0,18.0,0,0,0
Italian,2023,PIA,McLaren,34.0,86.717,HARD,16.0,2.0,,,8.0,1,55.6,1.668,True,-0.2189,51.0,17.0,0,0,0
Italian,2023,PIA,McLaren,35.0,86.277,HARD,17.0,2.0,,,8.0,1,54.0,1.62,True,-0.2189,51.0,16.0,0,0,0
Italian,2023,PIA,McLaren,36.0,86.639,HARD,18.0,2.0,,,8.0,1,52.4,1.572,True,-0.2189,51.0,15.0,0,0,0
Italian,2023,PIA,McLaren,37.0,86.806,HARD,19.0,2.0,,,8.0,1,50.8,1.524,True,-0.2189,51.0,14.0,0,0,0
Italian,2023,PIA,McLaren,38.0,87.146,HARD,20.0,2.0,,,8.0,1,49.2,1.476,True,-0.2189,51.0,13.0,0,0,0
Italian,2023,PIA,McLaren,39.0,87.166,HARD,21.0,2.0,,,8.0,1,47.6,1.428,True,-0.2189,51.0,12.0,0,0,0
Italian,2023,PIA,McLaren,40.0,86.853,HARD,22.0,2.0,,,8.0,1,46.0,1.38,True,-0.2189,51.0,11.0,0,0,0
Italian,2023,PIA,McLaren,41.0,94.52,HARD,23.0,2.0,8540.779,,10.0,1,44.4,1.332,False,-0.2189,51.0,10.0,0,0,1
Italian,2023,PIA,McLaren,42.0,113.593,MEDIUM,4.0,3.0,,8572.576,14.0,1,42.8,1.284,False,-1.8077,51.0,9.0,0,0,0
Italian,2023,PIA,McLaren,43.0,85.072,MEDIUM,5.0,3.0,,,14.0,1,41.2,1.236,True,-1.8077,51.0,8.0,0,0,0
Italian,2023,PIA,McLaren,44.0,85.69,MEDIUM,6.0,3.0,,,14.0,1,39.6,1.188,True,-1.8077,51.0,7.0,0,0,0
Italian,2023,PIA,McLaren,45.0,86.139,MEDIUM,7.0,3.0,,,13.0,1,38.0,1.14,True,-1.8077,51.0,6.0,0,0,0
Italian,2023,PIA,McLaren,46.0,85.732,MEDIUM,8.0,3.0,,,13.0,1,36.4,1.092,True,-1.8077,51.0,5.0,0,0,0
Italian,2023,PIA,McLaren,47.0,86.614,MEDIUM,9.0,3.0,,,13.0,1,34.8,1.044,True,-1.8077,51.0,4.0,0,0,0
Italian,2023,PIA,McLaren,48.0,86.067,MEDIUM,10.0,3.0,,,13.0,1,33.2,0.996,True,-1.8077,51.0,3.0,0,0,0
Italian,2023,PIA,McLaren,49.0,85.841,MEDIUM,11.0,3.0,,,12.0,1,31.6,0.948,True,-1.8077,51.0,2.0,0,0,0
Italian,2023,PIA,McLaren,50.0,85.593,MEDIUM,12.0,3.0,,,11.0,1,30.0,0.9,True,-1.8077,51.0,1.0,0,0,0
Italian,2023,PIA,McLaren,51.0,,MEDIUM,13.0,3.0,,,,1,28.4,0.852,False,-1.8077,51.0,0.0,0,0,0
